
=== js-framework (inferno, svelte, preact, vue-vapor, solid, ripple, react, octane-jsx, octane-tsrx) ===
Building inferno-jsbench
Building svelte-jsbench
Building preact-jsbench
Building vue-vapor-jsbench
Building solid-jsbench
Building ripple-jsbench
Building react-jsbench
Building octane-jsx-jsbench
Building octane-tsrx-jsbench
Running inferno (http://localhost:5320/) × 8…
Running svelte (http://localhost:5271/) × 8…
Running preact (http://localhost:5260/) × 8…
Running vue-vapor (http://localhost:5180/) × 8…
Running solid (http://localhost:5179/) × 8…
Running ripple (http://localhost:5178/) × 8…
Running react (http://localhost:5175/) × 8…
Running octane-jsx (http://localhost:5177/) × 8…
Running octane-tsrx (http://localhost:5176/) × 8…

Op       | inferno                   | svelte                    | preact                    | vue-vapor                 | solid                     | ripple                    | react                     | octane-jsx                | octane-tsrx               
---------+---------------------------+---------------------------+---------------------------+---------------------------+---------------------------+---------------------------+---------------------------+---------------------------+---------------------------
run     | 10.20 (min 8.40)          | 12.40 (min 10.40)         | 24.90 (min 23.90)         | 9.20 (min 8.00)           | 8.10 (min 6.50)           | 8.10 (min 7.70)           | 19.10 (min 16.70)         | 9.40 (min 8.60)           | 8.20 (min 7.30)           
replace | 15.00 (min 12.70)         | 20.40 (min 18.70)         | 47.50 (min 45.10)         | 15.60 (min 13.80)         | 18.60 (min 16.10)         | 15.20 (min 13.90)         | 33.50 (min 29.70)         | 19.80 (min 17.90)         | 17.50 (min 15.60)         
add     | 9.20 (min 6.20)           | 11.90 (min 10.50)         | 25.70 (min 23.40)         | 8.20 (min 7.40)           | 7.90 (min 7.00)           | 7.80 (min 6.60)           | 18.10 (min 16.00)         | 12.40 (min 11.20)         | 7.90 (min 6.80)           
update  | 1.50 (min 0.90)           | 1.40 (min 1.20)           | 3.40 (min 2.80)           | 0.70 (min 0.70)           | 3.20 (min 2.70)           | 0.90 (min 0.50)           | 2.00 (min 1.90)           | 2.80 (min 2.60)           | 1.00 (min 0.80)           
select  | 0.80 (min 0.40)           | 1.90 (min 1.50)           | 1.40 (min 1.20)           | 0.20 (min 0.20)           | 1.00 (min 0.70)           | 0.90 (min 0.70)           | 1.10 (min 0.90)           | 2.20 (min 2.10)           | 0.40 (min 0.30)           
swap    | 1.00 (min 0.80)           | 1.10 (min 0.90)           | 1.30 (min 1.20)           | 0.70 (min 0.40)           | 1.10 (min 0.80)           | 1.20 (min 0.90)           | 13.40 (min 12.20)         | 3.10 (min 2.80)           | 0.80 (min 0.60)           
remove  | 0.70 (min 0.60)           | 0.80 (min 0.80)           | 1.50 (min 1.20)           | 0.50 (min 0.30)           | 0.70 (min 0.60)           | 1.10 (min 0.50)           | 1.50 (min 1.30)           | 2.60 (min 2.30)           | 0.70 (min 0.60)           
runlots | 99.70 (min 89.80)         | 100.50 (min 96.70)        | 269.20 (min 249.80)       | 86.20 (min 81.70)         | 73.20 (min 68.10)         | 81.40 (min 71.00)         | 437.90 (min 421.50)       | 95.10 (min 88.10)         | 68.50 (min 64.60)         
select_lots| 4.90 (min 3.80)           | 12.20 (min 9.00)          | 9.10 (min 6.90)           | 0.20 (min 0.10)           | 5.90 (min 5.60)           | 4.90 (min 4.30)           | 7.10 (min 5.50)           | 25.40 (min 19.10)         | 0.40 (min 0.30)           
clear   | 80.20 (min 74.70)         | 86.30 (min 80.30)         | 106.50 (min 97.00)        | 77.50 (min 70.40)         | 84.40 (min 75.70)         | 79.00 (min 74.30)         | 132.90 (min 125.10)       | 93.40 (min 87.30)         | 83.40 (min 76.60)         
#ins1k  | 1000                      | 0                         | 1000                      | 1000                      | 1000                      | 0                         | 1000                      | 1000                      | 1000                      
#frag1k | 0                         | 0                         | 0                         | 0                         | 0                         | 0                         | 0                         | 0                         | 0                         
#ins10k | 10000                     | 0                         | 10000                     | 10000                     | 10000                     | 0                         | 10000                     | 10000                     | 10000                     
#frag10k| 0                         | 0                         | 0                         | 0                         | 0                         | 0                         | 0                         | 0                         | 0                         
#insadd | 1000                      | 0                         | 1000                      | 1000                      | 1000                      | 0                         | 1000                      | 1000                      | 1000                      
#inspre | 100                       | 0                         | 100                       | 100                       | 100                       | 0                         | 100                       | 100                       | 100                       
#insapp | 100                       | 0                         | 100                       | 100                       | 100                       | 0                         | 100                       | 100                       | 100                       
#insmid | 100                       | 0                         | 100                       | 100                       | 100                       | 0                         | 100                       | 100                       | 100                       

svelte / inferno ratio (score; <1 means svelte faster):
  run      1.27x  -- slower
  replace  1.38x  -- slower
  add      1.53x  -- slower
  update   1.17x  -- slower
  select   2.37x  -- slower
  swap     1.13x  -- slower
  remove   1.77x  -- slower
  runlots  1.01x  == ~equal
  select_lots 2.38x  -- slower
  clear    1.03x  == ~equal

preact / inferno ratio (score; <1 means preact faster):
  run      2.70x  -- slower
  replace  3.17x  -- slower
  add      3.16x  -- slower
  update   2.38x  -- slower
  select   1.67x  -- slower
  swap     1.15x  -- slower
  remove   2.57x  -- slower
  runlots  2.72x  -- slower
  select_lots 1.76x  -- slower
  clear    1.32x  -- slower

vue-vapor / inferno ratio (score; <1 means vue-vapor faster):
  run      0.96x  == ~equal
  replace  1.10x  -- slower
  add      1.07x  -- slower
  update   0.56x  ++ faster
  select   0.28x  ++ faster
  swap     0.56x  ++ faster
  remove   0.57x  ++ faster
  runlots  0.87x  ++ faster
  select_lots 0.03x  ++ faster
  clear    0.93x  ++ faster

solid / inferno ratio (score; <1 means solid faster):
  run      0.76x  ++ faster
  replace  1.30x  -- slower
  add      0.97x  == ~equal
  update   2.50x  -- slower
  select   1.02x  == ~equal
  swap     1.02x  == ~equal
  remove   0.97x  == ~equal
  runlots  0.73x  ++ faster
  select_lots 1.28x  -- slower
  clear    1.04x  == ~equal

ripple / inferno ratio (score; <1 means ripple faster):
  run      0.85x  ++ faster
  replace  1.07x  -- slower
  add      0.91x  ++ faster
  update   0.62x  ++ faster
  select   1.05x  == ~equal
  swap     1.26x  -- slower
  remove   1.09x  -- slower
  runlots  0.79x  ++ faster
  select_lots 1.02x  == ~equal
  clear    1.02x  == ~equal

react / inferno ratio (score; <1 means react faster):
  run      1.89x  -- slower
  replace  2.21x  -- slower
  add      2.27x  -- slower
  update   1.62x  -- slower
  select   1.27x  -- slower
  swap     12.48x  -- slower
  remove   2.20x  -- slower
  runlots  4.58x  -- slower
  select_lots 1.41x  -- slower
  clear    1.59x  -- slower

octane-jsx / inferno ratio (score; <1 means octane-jsx faster):
  run      0.97x  == ~equal
  replace  1.29x  -- slower
  add      1.55x  -- slower
  update   2.16x  -- slower
  select   2.77x  -- slower
  swap     2.94x  -- slower
  remove   3.49x  -- slower
  runlots  0.98x  == ~equal
  select_lots 4.81x  -- slower
  clear    1.13x  -- slower

octane-tsrx / inferno ratio (score; <1 means octane-tsrx faster):
  run      0.82x  ++ faster
  replace  1.15x  -- slower
  add      0.96x  == ~equal
  update   0.75x  ++ faster
  select   0.40x  ++ faster
  swap     0.70x  ++ faster
  remove   1.03x  == ~equal
  runlots  0.77x  ++ faster
  select_lots 0.08x  ++ faster
  clear    1.05x  -- slower

BENCH_JSON written to /Users/leonid/Documents/code/ripple/benchmarks/results/baseline-2/_part-js-framework-all.json

=== js-framework-reorder (inferno, svelte, preact, vue-vapor, solid, ripple, react, octane-jsx, octane-tsrx) ===
Running inferno (http://localhost:5320/) × 8 (+2 warmup, per-op gate)…
Running svelte (http://localhost:5271/) × 8 (+2 warmup, per-op gate)…
Running preact (http://localhost:5260/) × 8 (+2 warmup, per-op gate)…
Running vue-vapor (http://localhost:5180/) × 8 (+2 warmup, per-op gate)…
Running solid (http://localhost:5179/) × 8 (+2 warmup, per-op gate)…
Running ripple (http://localhost:5178/) × 8 (+2 warmup, per-op gate)…
Running react (http://localhost:5175/) × 8 (+2 warmup, per-op gate)…
Running octane-jsx (http://localhost:5177/) × 8 (+2 warmup, per-op gate)…
Running octane-tsrx (http://localhost:5176/) × 8 (+2 warmup, per-op gate)…

Op            | inferno                   | svelte                    | preact                    | vue-vapor                 | solid                     | ripple                    | react                     | octane-jsx                | octane-tsrx               
--------------+---------------------------+---------------------------+---------------------------+---------------------------+---------------------------+---------------------------+---------------------------+---------------------------+---------------------------
reverse      | 4.78 (min 4.38)           | 52.63 (min 41.55)         | 8.30 (min 7.90)           | 4.75 (min 4.32)           | 3.45 (min 2.05)           | 3.70 (min 3.30)           | 7.30 (min 6.40)           | 6.05 (min 4.15)           | 3.90 (min 3.50)           
shuffle      | 5.00 (min 4.48)           | 5.47 (min 4.03)           | 9.00 (min 8.57)           | 5.50 (min 5.25)           | 4.32 (min 3.72)           | 4.55 (min 3.50)           | 6.65 (min 6.00)           | 6.20 (min 4.05)           | 4.02 (min 3.60)           
rotatef      | 0.35 (min 0.34)           | 0.33 (min 0.29)           | 0.52 (min 0.51)           | 2.07 (min 2.04)           | 0.26 (min 0.25)           | 0.26 (min 0.23)           | 4.68 (min 4.60)           | 1.75 (min 1.72)           | 0.26 (min 0.26)           
rotateb      | 0.38 (min 0.34)           | 0.24 (min 0.23)           | 0.52 (min 0.44)           | 0.38 (min 0.36)           | 0.24 (min 0.22)           | 0.23 (min 0.22)           | 0.35 (min 0.32)           | 1.74 (min 1.71)           | 0.23 (min 0.21)           
prepend100   | 1.50 (min 1.40)           | 2.00 (min 1.90)           | 4.40 (min 4.20)           | 0.90 (min 0.80)           | 1.30 (min 1.20)           | 1.30 (min 1.20)           | 2.80 (min 2.60)           | 3.30 (min 3.10)           | 1.30 (min 1.20)           
append100    | 1.40 (min 1.30)           | 1.90 (min 1.80)           | 3.80 (min 3.70)           | 0.90 (min 0.80)           | 1.10 (min 1.00)           | 1.10 (min 1.00)           | 2.50 (min 2.20)           | 3.50 (min 3.20)           | 1.20 (min 1.10)           
insertmid100 | 1.50 (min 1.40)           | 1.90 (min 1.80)           | 4.40 (min 4.20)           | 1.00 (min 0.80)           | 1.30 (min 1.20)           | 1.00 (min 0.90)           | 2.70 (min 2.50)           | 3.40 (min 3.30)           | 1.20 (min 0.90)           
removefirst  | 0.23 (min 0.21)           | 0.38 (min 0.32)           | 0.55 (min 0.51)           | 0.11 (min 0.095)          | 0.21 (min 0.19)           | 0.19 (min 0.17)           | 0.44 (min 0.38)           | 1.97 (min 1.74)           | 0.15 (min 0.14)           
removeevery10| 0.62 (min 0.31)           | 0.57 (min 0.26)           | 0.76 (min 0.72)           | 0.71 (min 0.66)           | 0.53 (min 0.24)           | 0.48 (min 0.41)           | 0.69 (min 0.56)           | 1.29 (min 1.15)           | 0.58 (min 0.52)           
displace3    | 0.48 (min 0.44)           | 0.39 (min 0.34)           | 4.67 (min 4.53)           | 0.68 (min 0.51)           | 0.35 (min 0.30)           | 0.31 (min 0.28)           | 0.41 (min 0.39)           | 2.02 (min 1.79)           | 0.30 (min 0.26)           
displace4    | 0.47 (min 0.46)           | 0.49 (min 0.34)           | 4.75 (min 4.46)           | 0.54 (min 0.51)           | 0.38 (min 0.33)           | 0.31 (min 0.29)           | 0.48 (min 0.44)           | 1.84 (min 1.78)           | 0.31 (min 0.25)           
displace5    | 0.49 (min 0.47)           | 0.38 (min 0.33)           | 5.03 (min 4.46)           | 0.59 (min 0.49)           | 0.37 (min 0.34)           | 0.33 (min 0.30)           | 0.47 (min 0.44)           | 1.89 (min 1.77)           | 0.34 (min 0.27)           
displace6    | 0.49 (min 0.47)           | 0.39 (min 0.35)           | 4.49 (min 4.22)           | 0.69 (min 0.64)           | 0.40 (min 0.33)           | 0.36 (min 0.31)           | 0.50 (min 0.45)           | 1.92 (min 1.84)           | 0.34 (min 0.31)           
displace8    | 0.54 (min 0.50)           | 0.38 (min 0.36)           | 4.30 (min 4.21)           | 0.72 (min 0.61)           | 0.41 (min 0.37)           | 0.36 (min 0.31)           | 0.51 (min 0.48)           | 1.96 (min 1.80)           | 0.41 (min 0.34)           

svelte / inferno ratio (score; <1 means svelte faster):
  reverse       11.12x  -- slower
  shuffle       0.94x  ++ faster
  rotatef       0.92x  ++ faster
  rotateb       0.64x  ++ faster
  prepend100    1.36x  -- slower
  append100     1.39x  -- slower
  insertmid100  1.35x  -- slower
  removefirst   1.72x  -- slower
  removeevery10 0.89x  ++ faster
  displace3     0.84x  ++ faster
  displace4     0.82x  ++ faster
  displace5     0.71x  ++ faster
  displace6     0.75x  ++ faster
  displace8     0.77x  ++ faster

preact / inferno ratio (score; <1 means preact faster):
  reverse       1.75x  -- slower
  shuffle       1.79x  -- slower
  rotatef       1.51x  -- slower
  rotateb       1.34x  -- slower
  prepend100    3.32x  -- slower
  append100     2.68x  -- slower
  insertmid100  2.95x  -- slower
  removefirst   2.32x  -- slower
  removeevery10 1.33x  -- slower
  displace3     9.78x  -- slower
  displace4     9.48x  -- slower
  displace5     9.70x  -- slower
  displace6     9.30x  -- slower
  displace8     7.67x  -- slower

vue-vapor / inferno ratio (score; <1 means vue-vapor faster):
  reverse       0.98x  == ~equal
  shuffle       1.03x  == ~equal
  rotatef       6.37x  -- slower
  rotateb       1.01x  == ~equal
  prepend100    0.67x  ++ faster
  append100     0.64x  ++ faster
  insertmid100  0.71x  ++ faster
  removefirst   0.45x  ++ faster
  removeevery10 1.27x  -- slower
  displace3     1.25x  -- slower
  displace4     1.10x  -- slower
  displace5     1.17x  -- slower
  displace6     1.34x  -- slower
  displace8     1.25x  -- slower

solid / inferno ratio (score; <1 means solid faster):
  reverse       0.68x  ++ faster
  shuffle       0.79x  ++ faster
  rotatef       0.73x  ++ faster
  rotateb       0.66x  ++ faster
  prepend100    0.90x  ++ faster
  append100     0.78x  ++ faster
  insertmid100  0.95x  ++ faster
  removefirst   0.91x  ++ faster
  removeevery10 0.70x  ++ faster
  displace3     0.74x  ++ faster
  displace4     0.76x  ++ faster
  displace5     0.74x  ++ faster
  displace6     0.75x  ++ faster
  displace8     0.71x  ++ faster

ripple / inferno ratio (score; <1 means ripple faster):
  reverse       0.78x  ++ faster
  shuffle       0.76x  ++ faster
  rotatef       0.72x  ++ faster
  rotateb       0.63x  ++ faster
  prepend100    0.89x  ++ faster
  append100     0.75x  ++ faster
  insertmid100  0.69x  ++ faster
  removefirst   0.83x  ++ faster
  removeevery10 0.85x  ++ faster
  displace3     0.65x  ++ faster
  displace4     0.62x  ++ faster
  displace5     0.65x  ++ faster
  displace6     0.69x  ++ faster
  displace8     0.63x  ++ faster

react / inferno ratio (score; <1 means react faster):
  reverse       1.51x  -- slower
  shuffle       1.25x  -- slower
  rotatef       13.73x  -- slower
  rotateb       0.90x  ++ faster
  prepend100    1.89x  -- slower
  append100     1.64x  -- slower
  insertmid100  1.87x  -- slower
  removefirst   1.94x  -- slower
  removeevery10 1.12x  -- slower
  displace3     0.87x  ++ faster
  displace4     1.00x  == ~equal
  displace5     0.97x  == ~equal
  displace6     1.03x  == ~equal
  displace8     0.90x  ++ faster

octane-jsx / inferno ratio (score; <1 means octane-jsx faster):
  reverse       1.17x  -- slower
  shuffle       1.06x  -- slower
  rotatef       5.16x  -- slower
  rotateb       4.64x  -- slower
  prepend100    2.34x  -- slower
  append100     2.37x  -- slower
  insertmid100  2.37x  -- slower
  removefirst   8.26x  -- slower
  removeevery10 2.45x  -- slower
  displace3     4.33x  -- slower
  displace4     3.82x  -- slower
  displace5     3.96x  -- slower
  displace6     3.84x  -- slower
  displace8     3.47x  -- slower

octane-tsrx / inferno ratio (score; <1 means octane-tsrx faster):
  reverse       0.79x  ++ faster
  shuffle       0.76x  ++ faster
  rotatef       0.74x  ++ faster
  rotateb       0.61x  ++ faster
  prepend100    0.96x  == ~equal
  append100     0.85x  ++ faster
  insertmid100  0.71x  ++ faster
  removefirst   0.67x  ++ faster
  removeevery10 1.01x  == ~equal
  displace3     0.61x  ++ faster
  displace4     0.62x  ++ faster
  displace5     0.68x  ++ faster
  displace6     0.73x  ++ faster
  displace8     0.70x  ++ faster

BENCH_JSON written to /Users/leonid/Documents/code/ripple/benchmarks/results/baseline-2/_part-js-framework-reorder-all.json

=== recursive-context (inferno, svelte, preact, vue-vapor, solid, ripple, react, octane-jsx, octane-tsrx) ===
Building inferno-recursive-bench
Building svelte-recursive-bench
Building preact-recursive-bench
Building vue-vapor-recursive-bench
Building solid-recursive-bench
Building ripple-recursive-bench
Building react-recursive-bench
Building octane-jsx-recursive-bench
Building octane-tsrx-recursive-bench
Running octane-tsrx (http://localhost:5185/) × 20 (+10 warmup)…
  → semantic gate
  → mount
  → update_root
  → update_partial
  → partial_unmount/remount
  → unmount
Running octane-jsx (http://localhost:5188/) × 20 (+10 warmup)…
  → semantic gate
  → mount
  → update_root
  → update_partial
  → partial_unmount/remount
  → unmount
Repeating octane-jsx for order-balanced dialect pair…
  → mount
  → update_root
  → update_partial
  → partial_unmount/remount
  → unmount
Repeating octane-tsrx for order-balanced dialect pair…
  → mount
  → update_root
  → update_partial
  → partial_unmount/remount
  → unmount
Running inferno (http://localhost:5327/) × 20 (+10 warmup)…
  → semantic gate
  → mount
  → update_root
  → update_partial
  → partial_unmount/remount
  → unmount
Running svelte (http://localhost:5275/) × 20 (+10 warmup)…
  → semantic gate
  → mount
  → update_root
  → update_partial
  → partial_unmount/remount
  → unmount
Running preact (http://localhost:5264/) × 20 (+10 warmup)…
  → semantic gate
  → mount
  → update_root
  → update_partial
  → partial_unmount/remount
  → unmount
Running vue-vapor (http://localhost:5189/) × 20 (+10 warmup)…
  → semantic gate
  → mount
  → update_root
  → update_partial
  → partial_unmount/remount
  → unmount
Running solid (http://localhost:5187/) × 20 (+10 warmup)…
  → semantic gate
  → mount
  → update_root
  → update_partial
  → partial_unmount/remount
  → unmount
Running ripple (http://localhost:5184/) × 20 (+10 warmup)…
  → semantic gate
  → mount
  → update_root
  → update_partial
  → partial_unmount/remount
  → unmount
Running react (http://localhost:5186/) × 20 (+10 warmup)…
  → semantic gate
  → mount
  → update_root
  → update_partial
  → partial_unmount/remount
  → unmount

Op               | inferno                         | svelte                          | preact                          | vue-vapor                       | solid                           | ripple                          | react                           | octane-jsx                      | octane-tsrx                     
-----------------+---------------------------------+---------------------------------+---------------------------------+---------------------------------+---------------------------------+---------------------------------+---------------------------------+---------------------------------+---------------------------------
mount           | 5.90 (min 5.60, sd 0.51)        | 55.00 (min 53.30, sd 3.29)      | 12.80 (min 12.60, sd 0.55)      | 39.50 (min 37.30, sd 2.69)      | 16.60 (min 16.00, sd 1.11)      | 18.10 (min 17.20, sd 1.21)      | 18.50 (min 18.00, sd 2.07)      | 26.70 (min 26.20, sd 1.37)      | 22.70 (min 21.80, sd 1.80)      
update_root     | 1.10 (min 1.00, sd 0.06)        | 3.00 (min 2.20, sd 0.37)        | 5.30 (min 4.30, sd 0.74)        | 1.30 (min 1.00, sd 0.15)        | 2.00 (min 1.40, sd 0.24)        | 1.80 (min 1.60, sd 0.20)        | 2.40 (min 2.00, sd 0.37)        | 4.70 (min 3.80, sd 0.40)        | 3.90 (min 3.60, sd 0.35)        
update_partial  | 0.10 (min 0.00, sd 0.06)        | 0.20 (min 0.10, sd 0.06)        | 0.30 (min 0.10, sd 0.08)        | 0.20 (min 0.00, sd 0.06)        | 0.20 (min 0.10, sd 0.04)        | 0.10 (min 0.00, sd 0.04)        | 0.30 (min 0.20, sd 0.07)        | 0.40 (min 0.20, sd 0.10)        | 0.30 (min 0.30, sd 0.06)        
partial_unmount | 0.10 (min 0.00, sd 0.06)        | 0.20 (min 0.00, sd 0.08)        | 0.10 (min 0.10, sd 0.05)        | 0.10 (min 0.00, sd 0.07)        | 0.20 (min 0.10, sd 0.06)        | 0.10 (min 0.00, sd 0.07)        | 0.20 (min 0.20, sd 0.06)        | 0.20 (min 0.00, sd 0.06)        | 0.10 (min 0.00, sd 0.06)        
partial_remount | 0.20 (min 0.10, sd 0.05)        | 1.30 (min 1.10, sd 0.13)        | 0.40 (min 0.30, sd 0.10)        | 0.50 (min 0.30, sd 0.10)        | 0.50 (min 0.40, sd 0.08)        | 0.40 (min 0.30, sd 0.13)        | 0.30 (min 0.20, sd 0.07)        | 0.60 (min 0.50, sd 0.09)        | 0.40 (min 0.40, sd 0.06)        
unmount         | 0.20 (min 0.10, sd 0.41)        | 2.50 (min 2.20, sd 0.24)        | 1.70 (min 1.50, sd 0.12)        | 2.60 (min 2.30, sd 0.32)        | 1.60 (min 1.40, sd 0.11)        | 1.30 (min 0.10, sd 0.33)        | 2.70 (min 2.20, sd 0.30)        | 1.70 (min 0.60, sd 0.62)        | 1.50 (min 1.40, sd 0.15)        

order-balanced octane-jsx / octane-tsrx dialect ratio:
  mount            1.14x
  update_root      1.28x
  update_partial   1.40x
  partial_unmount  1.23x
  partial_remount  1.50x
  unmount          1.01x

inferno / vue-vapor ratio (score; <1 means inferno faster):
  mount            0.15x  ++ faster
  update_root      0.89x  ++ faster
  update_partial   0.80x  ++ faster
  partial_unmount  1.00x  == ~equal
  partial_remount  0.27x  ++ faster
  unmount          0.09x  ++ faster

svelte / vue-vapor ratio (score; <1 means svelte faster):
  mount            1.50x  -- slower
  update_root      2.43x  -- slower
  update_partial   1.40x  -- slower
  partial_unmount  2.00x  -- slower
  partial_remount  2.70x  -- slower
  unmount          0.91x  ++ faster

preact / vue-vapor ratio (score; <1 means preact faster):
  mount            0.33x  ++ faster
  update_root      4.39x  -- slower
  update_partial   1.80x  -- slower
  partial_unmount  1.14x  -- slower
  partial_remount  0.76x  ++ faster
  unmount          0.62x  ++ faster

solid / vue-vapor ratio (score; <1 means solid faster):
  mount            0.46x  ++ faster
  update_root      1.59x  -- slower
  update_partial   1.30x  -- slower
  partial_unmount  2.29x  -- slower
  partial_remount  1.11x  -- slower
  unmount          0.57x  ++ faster

ripple / vue-vapor ratio (score; <1 means ripple faster):
  mount            0.48x  ++ faster
  update_root      1.48x  -- slower
  update_partial   0.80x  ++ faster
  partial_unmount  0.71x  ++ faster
  partial_remount  0.97x  == ~equal
  unmount          0.45x  ++ faster

react / vue-vapor ratio (score; <1 means react faster):
  mount            0.51x  ++ faster
  update_root      1.88x  -- slower
  update_partial   2.30x  -- slower
  partial_unmount  2.71x  -- slower
  partial_remount  0.65x  ++ faster
  unmount          1.00x  == ~equal

octane-jsx / vue-vapor ratio (score; <1 means octane-jsx faster):
  mount            0.74x  ++ faster
  update_root      3.72x  -- slower
  update_partial   3.20x  -- slower
  partial_unmount  1.43x  -- slower
  partial_remount  1.38x  -- slower
  unmount          0.59x  ++ faster

octane-tsrx / vue-vapor ratio (score; <1 means octane-tsrx faster):
  mount            0.59x  ++ faster
  update_root      3.21x  -- slower
  update_partial   2.50x  -- slower
  partial_unmount  1.00x  == ~equal
  partial_remount  0.97x  == ~equal
  unmount          0.57x  ++ faster

locality ratio (update_partial / update_root, lower = better scoping):
  inferno          0.092x  (ideal: ~0.03)
  svelte           0.059x  (ideal: ~0.03)
  preact           0.042x  (ideal: ~0.03)
  vue-vapor        0.102x  (ideal: ~0.03)
  solid            0.083x  (ideal: ~0.03)
  ripple           0.055x  (ideal: ~0.03)
  react            0.125x  (ideal: ~0.03)
  octane-jsx       0.088x  (ideal: ~0.03)
  octane-tsrx      0.079x  (ideal: ~0.03)
BENCH_JSON written to /Users/leonid/Documents/code/ripple/benchmarks/results/baseline-2/_part-recursive-context-all.json

=== signal-favoring (inferno, svelte, preact, vue-vapor, solid, ripple, react, octane-jsx, octane-tsrx) ===
Building inferno-signal-bench
Building svelte-signal-bench
Building preact-signal-bench
Building vue-vapor-signal-bench
Building solid-signal-bench
Building ripple-signal-bench
Building react-signal-bench
Building octane-jsx-signal-bench
Building octane-tsrx-signal-bench
Running octane-tsrx (http://localhost:5190/) × 20 (+5 warmup)…
  → semantic gate
  → mount
  → bump_shallow (C1)
  → bump_middle (C51)
  → bump_deep (C91)
  → bump_sweep (10 bumps, flush each)
  → bump_sweep_batched (10 bumps, 1 flush, ancestor-first)
  → bump_sweep_reverse (10 bumps, 1 flush, descendant-first)
  → unmount
Running octane-jsx (http://localhost:5194/) × 20 (+5 warmup)…
  → semantic gate
  → mount
  → bump_shallow (C1)
  → bump_middle (C51)
  → bump_deep (C91)
  → bump_sweep (10 bumps, flush each)
  → bump_sweep_batched (10 bumps, 1 flush, ancestor-first)
  → bump_sweep_reverse (10 bumps, 1 flush, descendant-first)
  → unmount
Repeating octane-jsx for order-balanced dialect pair…
  → mount
  → bump_shallow (C1)
  → bump_middle (C51)
  → bump_deep (C91)
  → bump_sweep (10 bumps, flush each)
  → bump_sweep_batched (10 bumps, 1 flush, ancestor-first)
  → bump_sweep_reverse (10 bumps, 1 flush, descendant-first)
  → unmount
Repeating octane-tsrx for order-balanced dialect pair…
  → mount
  → bump_shallow (C1)
  → bump_middle (C51)
  → bump_deep (C91)
  → bump_sweep (10 bumps, flush each)
  → bump_sweep_batched (10 bumps, 1 flush, ancestor-first)
  → bump_sweep_reverse (10 bumps, 1 flush, descendant-first)
  → unmount
Running inferno (http://localhost:5329/) × 20 (+5 warmup)…
  → semantic gate
  → mount
  → bump_shallow (C1)
  → bump_middle (C51)
  → bump_deep (C91)
  → bump_sweep (10 bumps, flush each)
  → bump_sweep_batched (10 bumps, 1 flush, ancestor-first)
  → bump_sweep_reverse (10 bumps, 1 flush, descendant-first)
  → unmount
Running svelte (http://localhost:5276/) × 20 (+5 warmup)…
  → semantic gate
  → mount
  → bump_shallow (C1)
  → bump_middle (C51)
  → bump_deep (C91)
  → bump_sweep (10 bumps, flush each)
  → bump_sweep_batched (10 bumps, 1 flush, ancestor-first)
  → bump_sweep_reverse (10 bumps, 1 flush, descendant-first)
  → unmount
Running preact (http://localhost:5265/) × 20 (+5 warmup)…
  → semantic gate
  → mount
  → bump_shallow (C1)
  → bump_middle (C51)
  → bump_deep (C91)
  → bump_sweep (10 bumps, flush each)
  → bump_sweep_batched (10 bumps, 1 flush, ancestor-first)
  → bump_sweep_reverse (10 bumps, 1 flush, descendant-first)
  → unmount
Running vue-vapor (http://localhost:5183/) × 20 (+5 warmup)…
  → semantic gate
  → mount
  → bump_shallow (C1)
  → bump_middle (C51)
  → bump_deep (C91)
  → bump_sweep (10 bumps, flush each)
  → bump_sweep_batched (10 bumps, 1 flush, ancestor-first)
  → bump_sweep_reverse (10 bumps, 1 flush, descendant-first)
  → unmount
Running solid (http://localhost:5191/) × 20 (+5 warmup)…
  → semantic gate
  → mount
  → bump_shallow (C1)
  → bump_middle (C51)
  → bump_deep (C91)
  → bump_sweep (10 bumps, flush each)
  → bump_sweep_batched (10 bumps, 1 flush, ancestor-first)
  → bump_sweep_reverse (10 bumps, 1 flush, descendant-first)
  → unmount
Running ripple (http://localhost:5193/) × 20 (+5 warmup)…
  → semantic gate
  → mount
  → bump_shallow (C1)
  → bump_middle (C51)
  → bump_deep (C91)
  → bump_sweep (10 bumps, flush each)
  → bump_sweep_batched (10 bumps, 1 flush, ancestor-first)
  → bump_sweep_reverse (10 bumps, 1 flush, descendant-first)
  → unmount
Running react (http://localhost:5192/) × 20 (+5 warmup)…
  → semantic gate
  → mount
  → bump_shallow (C1)
  → bump_middle (C51)
  → bump_deep (C91)
  → bump_sweep (10 bumps, flush each)
  → bump_sweep_batched (10 bumps, 1 flush, ancestor-first)
  → bump_sweep_reverse (10 bumps, 1 flush, descendant-first)
  → unmount

Op             | inferno                         | svelte                          | preact                          | vue-vapor                       | solid                           | ripple                          | react                           | octane-jsx                      | octane-tsrx                     
---------------+---------------------------------+---------------------------------+---------------------------------+---------------------------------+---------------------------------+---------------------------------+---------------------------------+---------------------------------+---------------------------------
mount         | 3.90 (min 3.20, sd 0.26)        | 6.50 (min 5.60, sd 0.42)        | 5.00 (min 4.10, sd 0.40)        | 6.80 (min 5.70, sd 0.45)        | 6.60 (min 5.40, sd 0.44)        | 7.10 (min 5.90, sd 0.54)        | 10.50 (min 9.60, sd 1.19)       | 11.80 (min 10.20, sd 1.47)      | 9.90 (min 9.30, sd 1.06)        
bump_shallow  | 0.040 (min 0.034, sd 0.016)     | 0.008 (min 0.006, sd 0.002)     | 0.15 (min 0.13, sd 0.016)       | 0.002 (min 0.000, sd 0.002)     | 0.004 (min 0.002, sd 0.003)     | 0.002 (min 0.000, sd 0.002)     | 0.008 (min 0.008, sd 0.004)     | 0.040 (min 0.036, sd 0.018)     | 0.004 (min 0.004, sd 0.003)     
bump_middle   | 0.018 (min 0.016, sd 0.008)     | 0.008 (min 0.006, sd 0.001)     | 0.084 (min 0.072, sd 0.010)     | 0.002 (min 0.000, sd 0.002)     | 0.006 (min 0.002, sd 0.003)     | 0.002 (min 0.000, sd 0.002)     | 0.042 (min 0.038, sd 0.006)     | 0.026 (min 0.020, sd 0.008)     | 0.006 (min 0.004, sd 0.003)     
bump_deep     | 0.006 (min 0.004, sd 0.002)     | 0.008 (min 0.006, sd 0.002)     | 0.020 (min 0.016, sd 0.004)     | 0.002 (min 0.000, sd 0.002)     | 0.004 (min 0.002, sd 0.003)     | 0.002 (min 0.000, sd 0.001)     | 0.080 (min 0.070, sd 0.006)     | 0.008 (min 0.004, sd 0.004)     | 0.006 (min 0.004, sd 0.003)     
bump_sweep    | 0.20 (min 0.16, sd 0.020)       | 0.056 (min 0.048, sd 0.008)     | 0.76 (min 0.71, sd 0.046)       | 0.016 (min 0.012, sd 0.003)     | 0.028 (min 0.020, sd 0.007)     | 0.016 (min 0.008, sd 0.007)     | 0.39 (min 0.32, sd 0.029)       | 0.20 (min 0.16, sd 0.027)       | 0.044 (min 0.036, sd 0.009)     
bump_sweep_batched| 0.20 (min 0.17, sd 0.021)       | 0.028 (min 0.024, sd 0.008)     | 0.16 (min 0.13, sd 0.024)       | 0.012 (min 0.008, sd 0.004)     | 0.020 (min 0.012, sd 0.004)     | 0.008 (min 0.004, sd 0.005)     | 0.13 (min 0.11, sd 0.010)       | 0.076 (min 0.060, sd 0.033)     | 0.048 (min 0.036, sd 0.030)     
bump_sweep_reverse| 0.20 (min 0.17, sd 0.019)       | 0.028 (min 0.024, sd 0.006)     | 0.16 (min 0.12, sd 0.018)       | 0.012 (min 0.008, sd 0.004)     | 0.016 (min 0.012, sd 0.005)     | 0.008 (min 0.004, sd 0.005)     | 0.13 (min 0.11, sd 0.013)       | 0.072 (min 0.056, sd 0.020)     | 0.040 (min 0.028, sd 0.007)     
unmount       | 0.100 (min 0.000, sd 0.15)      | 0.10 (min 0.000, sd 0.13)       | 0.10 (min 0.000, sd 0.12)       | 0.10 (min 0.000, sd 0.14)       | 0.10 (min 0.000, sd 0.13)       | 0.000 (min 0.000, sd 0.11)      | 0.40 (min 0.20, sd 0.14)        | 0.20 (min 0.000, sd 0.18)       | 0.40 (min 0.20, sd 0.11)        

order-balanced octane-jsx / octane-tsrx dialect ratio:
  mount          1.06x
  bump_shallow   7.08x
  bump_middle    4.02x
  bump_deep      1.58x
  bump_sweep     4.69x
  bump_sweep_batched 1.61x
  bump_sweep_reverse 1.94x
  unmount        0.85x

inferno / vue-vapor ratio (score; <1 means inferno faster):
  mount          0.57x  ++ faster
  bump_shallow   30.20x  -- slower
  bump_middle    8.75x  -- slower
  bump_deep      3.40x  -- slower
  bump_sweep     12.00x  -- slower
  bump_sweep_batched 17.00x  -- slower
  bump_sweep_reverse 16.96x  -- slower
  unmount        1.00x  == ~equal

svelte / vue-vapor ratio (score; <1 means svelte faster):
  mount          0.97x  == ~equal
  bump_shallow   6.20x  -- slower
  bump_middle    4.12x  -- slower
  bump_deep      6.60x  -- slower
  bump_sweep     3.06x  -- slower
  bump_sweep_batched 2.37x  -- slower
  bump_sweep_reverse 2.57x  -- slower
  unmount        1.00x  == ~equal

preact / vue-vapor ratio (score; <1 means preact faster):
  mount          0.71x  ++ faster
  bump_shallow   114.40x  -- slower
  bump_middle    39.00x  -- slower
  bump_deep      15.00x  -- slower
  bump_sweep     44.82x  -- slower
  bump_sweep_batched 13.29x  -- slower
  bump_sweep_reverse 13.26x  -- slower
  unmount        1.00x  == ~equal

solid / vue-vapor ratio (score; <1 means solid faster):
  mount          0.95x  == ~equal
  bump_shallow   2.60x  -- slower
  bump_middle    2.00x  -- slower
  bump_deep      3.40x  -- slower
  bump_sweep     1.73x  -- slower
  bump_sweep_batched 1.50x  -- slower
  bump_sweep_reverse 1.61x  -- slower
  unmount        1.14x  -- slower

ripple / vue-vapor ratio (score; <1 means ripple faster):
  mount          1.01x  == ~equal
  bump_shallow   1.00x  == ~equal
  bump_middle    0.62x  ++ faster
  bump_deep      0.60x  ++ faster
  bump_sweep     0.64x  ++ faster
  bump_sweep_batched 0.62x  ++ faster
  bump_sweep_reverse 0.65x  ++ faster
  unmount        0.57x  ++ faster

react / vue-vapor ratio (score; <1 means react faster):
  mount          1.62x  -- slower
  bump_shallow   6.80x  -- slower
  bump_middle    20.62x  -- slower
  bump_deep      63.20x  -- slower
  bump_sweep     22.76x  -- slower
  bump_sweep_batched 10.25x  -- slower
  bump_sweep_reverse 10.57x  -- slower
  unmount        3.86x  -- slower

octane-jsx / vue-vapor ratio (score; <1 means octane-jsx faster):
  mount          1.72x  -- slower
  bump_shallow   30.80x  -- slower
  bump_middle    12.12x  -- slower
  bump_deep      5.60x  -- slower
  bump_sweep     10.97x  -- slower
  bump_sweep_batched 6.00x  -- slower
  bump_sweep_reverse 6.43x  -- slower
  unmount        1.86x  -- slower

octane-tsrx / vue-vapor ratio (score; <1 means octane-tsrx faster):
  mount          1.56x  -- slower
  bump_shallow   3.60x  -- slower
  bump_middle    2.50x  -- slower
  bump_deep      3.80x  -- slower
  bump_sweep     2.64x  -- slower
  bump_sweep_batched 4.37x  -- slower
  bump_sweep_reverse 3.22x  -- slower
  unmount        4.57x  -- slower

cascade ratio (bump_shallow / bump_deep, signal frameworks should be near 1.0):
  inferno        8.88x  (uncached hooks ~10x; compiled React can skip descendants; signals ~1x)
  svelte         0.94x  (uncached hooks ~10x; compiled React can skip descendants; signals ~1x)
  preact         7.63x  (uncached hooks ~10x; compiled React can skip descendants; signals ~1x)
  vue-vapor      1.00x  (uncached hooks ~10x; compiled React can skip descendants; signals ~1x)
  solid          0.76x  (uncached hooks ~10x; compiled React can skip descendants; signals ~1x)
  ripple         1.67x  (uncached hooks ~10x; compiled React can skip descendants; signals ~1x)
  react          0.11x  (uncached hooks ~10x; compiled React can skip descendants; signals ~1x)
  octane-jsx     5.50x  (uncached hooks ~10x; compiled React can skip descendants; signals ~1x)
  octane-tsrx    0.95x  (uncached hooks ~10x; compiled React can skip descendants; signals ~1x)

coalescing ratio (bump_sweep_batched / bump_sweep, lower = bigger win from batching):
  inferno        1.03x
  svelte         0.56x
  preact         0.22x
  vue-vapor      0.73x
  solid          0.63x
  ripple         0.71x
  react          0.33x
  octane-jsx     0.40x
  octane-tsrx    1.21x

order-sensitivity ratio (bump_sweep_reverse / bump_sweep_batched, ~1.0 = order-independent):
  inferno        0.95x  (on means)
  svelte         0.99x  (on means)
  preact         0.93x  (on means)
  vue-vapor      1.03x  (on means)
  solid          0.98x  (on means)
  ripple         1.04x  (on means)
  react          1.02x  (on means)
  octane-jsx     0.90x  (on means)
  octane-tsrx    0.63x  (on means)
BENCH_JSON written to /Users/leonid/Documents/code/ripple/benchmarks/results/baseline-2/_part-signal-favoring-all.json

=== news (inferno, svelte, preact, vue-vapor, solid, ripple, react, octane-jsx, octane-tsrx) ===
building inferno (production)…

The Octane Times — SSR + hydration bench  (inferno, production)
document: 50 article cards, 41.4 KB HTML

Metric          |  score | median |    min |    p95
----------------+--------+--------+--------+--------
SSR render (ms) |   0.17 |   0.18 |   0.16 |   0.29
hydrate    (ms) |   2.12 |   2.20 |   1.80 |   2.70

correctness: cards=50  no-rebuild=true  interactive=true
BENCH_JSON written to /Users/leonid/Documents/code/ripple/benchmarks/results/baseline-2/_part-news-inferno.json
building svelte (production)…
8:05:55 PM [vite-plugin-svelte] no Svelte config found at /Users/leonid/Documents/code/ripple/benchmarks/news/svelte - using default configuration.
8:05:55 PM [vite-plugin-svelte] no Svelte config found at /Users/leonid/Documents/code/ripple/benchmarks/news/svelte - using default configuration.

The Octane Times — SSR + hydration bench  (svelte, production)
document: 50 article cards, 41.7 KB HTML

Metric          |  score | median |    min |    p95
----------------+--------+--------+--------+--------
SSR render (ms) |   0.07 |   0.08 |   0.06 |   0.19
hydrate    (ms) |   4.53 |   4.50 |   4.00 |   5.50

correctness: cards=50  no-rebuild=true  interactive=true
BENCH_JSON written to /Users/leonid/Documents/code/ripple/benchmarks/results/baseline-2/_part-news-svelte.json
building preact (production)…

The Octane Times — SSR + hydration bench  (preact, production)
document: 50 article cards, 41.4 KB HTML

Metric          |  score | median |    min |    p95
----------------+--------+--------+--------+--------
SSR render (ms) |   0.28 |   0.29 |   0.27 |   0.52
hydrate    (ms) |   4.14 |   4.30 |   4.00 |   5.10

correctness: cards=50  no-rebuild=true  interactive=true
BENCH_JSON written to /Users/leonid/Documents/code/ripple/benchmarks/results/baseline-2/_part-news-preact.json
building vue-vapor (production)…

The Octane Times — SSR + hydration bench  (vue-vapor, production)
document: 50 article cards, 41.4 KB HTML

Metric          |  score | median |    min |    p95
----------------+--------+--------+--------+--------
SSR render (ms) |   0.07 |   0.08 |   0.06 |   0.21
hydrate    (ms) |   5.00 |   5.20 |   4.60 |   6.00

correctness: cards=50  no-rebuild=true  interactive=true
BENCH_JSON written to /Users/leonid/Documents/code/ripple/benchmarks/results/baseline-2/_part-news-vue-vapor.json
building solid (production)…

The Octane Times — SSR + hydration bench  (solid, production)
document: 50 article cards, 41.8 KB HTML

Metric          |  score | median |    min |    p95
----------------+--------+--------+--------+--------
SSR render (ms) |   0.08 |   0.10 |   0.07 |   0.29
hydrate    (ms) |   6.61 |   6.70 |   6.20 |   8.00

correctness: cards=50  no-rebuild=true  interactive=true
BENCH_JSON written to /Users/leonid/Documents/code/ripple/benchmarks/results/baseline-2/_part-news-solid.json
building ripple (production)…

The Octane Times — SSR + hydration bench  (ripple, production)
document: 50 article cards, 46.1 KB HTML

Metric          |  score | median |    min |    p95
----------------+--------+--------+--------+--------
SSR render (ms) |   0.25 |   0.25 |   0.17 |   0.44
hydrate    (ms) |   3.99 |   3.90 |   3.60 |   4.80

correctness: cards=50  no-rebuild=true  interactive=true
BENCH_JSON written to /Users/leonid/Documents/code/ripple/benchmarks/results/baseline-2/_part-news-ripple.json
building react (production)…

The Octane Times — SSR + hydration bench  (react, production)
document: 50 article cards, 41.4 KB HTML

Metric          |  score | median |    min |    p95
----------------+--------+--------+--------+--------
SSR render (ms) |   0.37 |   0.40 |   0.35 |   0.60
hydrate    (ms) |   8.28 |   7.90 |   7.30 |  10.10

correctness: cards=50  no-rebuild=true  interactive=true
BENCH_JSON written to /Users/leonid/Documents/code/ripple/benchmarks/results/baseline-2/_part-news-react.json
building octane-jsx (production)…

The Octane Times — SSR + hydration bench  (octane-jsx, production)
document: 50 article cards, 41.4 KB HTML

Metric          |  score | median |    min |    p95
----------------+--------+--------+--------+--------
SSR render (ms) |   0.12 |   0.13 |   0.11 |   0.26
hydrate    (ms) |   7.40 |   7.60 |   7.10 |   9.10

correctness: cards=50  no-rebuild=true  interactive=true
BENCH_JSON written to /Users/leonid/Documents/code/ripple/benchmarks/results/baseline-2/_part-news-octane-jsx.json
building octane-tsrx (production)…

The Octane Times — SSR + hydration bench  (octane-tsrx, production)
document: 50 article cards, 41.4 KB HTML

Metric          |  score | median |    min |    p95
----------------+--------+--------+--------+--------
SSR render (ms) |   0.09 |   0.10 |   0.07 |   0.18
hydrate    (ms) |   6.05 |   5.80 |   5.40 |   7.30

correctness: cards=50  no-rebuild=true  interactive=true
BENCH_JSON written to /Users/leonid/Documents/code/ripple/benchmarks/results/baseline-2/_part-news-octane-tsrx.json

=== todomvc (inferno, svelte, preact, vue-vapor, solid, ripple, react, octane-tsrx) ===
Building inferno-todomvc
Building svelte-todomvc
Building preact-todomvc
Building vue-vapor-todomvc
Building solid-todomvc
Building ripple-todomvc
Building react-todomvc
Building octane-tsrx-todomvc
Running inferno (http://localhost:5321/) × 8…
Running svelte (http://localhost:5272/) × 8…
Running preact (http://localhost:5261/) × 8…
Running vue-vapor (http://localhost:5244/) × 8…
Running solid (http://localhost:5242/) × 8…
Running ripple (http://localhost:5243/) × 8…
Running react (http://localhost:5241/) × 8…
Running octane-tsrx (http://localhost:5240/) × 8…

Op            | inferno                   | svelte                    | preact                    | vue-vapor                 | solid                     | ripple                    | react                     | octane-tsrx               
--------------+---------------------------+---------------------------+---------------------------+---------------------------+---------------------------+---------------------------+---------------------------+---------------------------
add100       | 11.50 (min 9.80)          | 7.10 (min 6.70)           | 25.40 (min 24.00)         | 5.70 (min 4.90)           | 5.20 (min 4.70)           | 4.30 (min 3.80)           | 31.30 (min 27.80)         | 7.20 (min 5.80)           
toggleAllOn  | 0.60 (min 0.50)           | 0.90 (min 0.70)           | 0.90 (min 0.90)           | 0.60 (min 0.40)           | 2.20 (min 2.20)           | 0.50 (min 0.30)           | 1.30 (min 1.10)           | 1.10 (min 0.90)           
toggleAllOff | 0.60 (min 0.50)           | 0.80 (min 0.60)           | 0.90 (min 0.60)           | 0.40 (min 0.30)           | 2.20 (min 1.90)           | 0.40 (min 0.20)           | 1.30 (min 1.10)           | 1.00 (min 0.90)           
complete25   | 5.00 (min 4.80)           | 2.30 (min 2.10)           | 11.50 (min 10.70)         | 1.20 (min 1.10)           | 2.60 (min 2.10)           | 1.50 (min 1.30)           | 13.80 (min 13.30)         | 2.60 (min 2.40)           
filterCycle  | 2.60 (min 2.50)           | 2.60 (min 2.40)           | 2.90 (min 2.50)           | 2.00 (min 1.70)           | 2.50 (min 2.20)           | 1.50 (min 1.40)           | 4.10 (min 3.70)           | 2.40 (min 2.10)           
edit10       | 5.10 (min 4.50)           | 4.80 (min 4.30)           | 11.00 (min 9.70)          | 2.60 (min 2.40)           | 3.70 (min 3.50)           | 2.10 (min 1.90)           | 13.80 (min 11.70)         | 11.30 (min 10.10)         
clearCompleted| 0.80 (min 0.60)           | 0.50 (min 0.40)           | 0.70 (min 0.60)           | 0.50 (min 0.30)           | 0.60 (min 0.50)           | 0.50 (min 0.40)           | 1.10 (min 0.90)           | 0.60 (min 0.50)           
destroy25    | 5.30 (min 4.50)           | 2.50 (min 2.20)           | 10.40 (min 10.00)         | 1.60 (min 1.30)           | 1.80 (min 1.80)           | 1.30 (min 1.20)           | 14.90 (min 12.90)         | 1.80 (min 1.60)           
#rowCls25    | 25                        | 25                        | 25                        | 25                        | 0                         | 25                        | 25                        | 25                        
#nodes       | 623                       | 1035                      | 623                       | 726                       | 724                       | 727                       | 623                       | 729                       
#elems       | 517                       | 517                       | 517                       | 517                       | 517                       | 517                       | 517                       | 517                       
#text        | 106                       | 416                       | 106                       | 209                       | 207                       | 108                       | 106                       | 106                       
#cmnts       | 0                         | 102                       | 0                         | 0                         | 0                         | 102                       | 0                         | 106                       
#empty       | 0                         | 2                         | 0                         | 103                       | 101                       | 2                         | 0                         | 0                         
#ws          | 0                         | 308                       | 0                         | 0                         | 0                         | 0                         | 0                         | 0                         
BENCH_JSON written to /Users/leonid/Documents/code/ripple/benchmarks/results/baseline-2/_part-todomvc-all.json

=== chat-stream (inferno, svelte, preact, vue-vapor, solid, ripple, react, octane-tsrx) ===
Building inferno-chat-stream
Building svelte-chat-stream
Building preact-chat-stream
Building vue-vapor-chat-stream
Building solid-chat-stream
Building ripple-chat-stream
Building react-chat-stream
Building octane-tsrx-chat-stream
Running inferno (http://localhost:5323/) × 8…
Running svelte (http://localhost:5273/) × 8…
Running preact (http://localhost:5262/) × 8…
Running vue-vapor (http://localhost:5254/) × 8…
Running solid (http://localhost:5252/) × 8…
Running ripple (http://localhost:5253/) × 8…
Running react (http://localhost:5251/) × 8…
Running octane-tsrx (http://localhost:5250/) × 8…

Op            | inferno                   | svelte                    | preact                    | vue-vapor                 | solid                     | ripple                    | react                     | octane-tsrx               
--------------+---------------------------+---------------------------+---------------------------+---------------------------+---------------------------+---------------------------+---------------------------+---------------------------
streamFine   | 3.70 (min 3.40)           | 5.90 (min 4.10)           | 9.90 (min 8.00)           | 2.30 (min 2.10)           | 9.00 (min 7.50)           | 2.30 (min 2.00)           | 10.20 (min 8.70)          | 3.50 (min 3.10)           
streamCoarse | 1.50 (min 1.20)           | 1.90 (min 1.50)           | 2.20 (min 1.40)           | 1.00 (min 0.70)           | 2.70 (min 1.70)           | 0.90 (min 0.70)           | 2.80 (min 2.30)           | 1.30 (min 1.20)           
appendHistory| 4.30 (min 3.80)           | 3.80 (min 2.90)           | 11.00 (min 8.60)          | 1.90 (min 1.30)           | 4.10 (min 2.60)           | 2.60 (min 1.90)           | 11.80 (min 10.10)         | 1.80 (min 1.70)           
switchConv   | 4.10 (min 2.90)           | 16.60 (min 14.90)         | 6.10 (min 5.40)           | 9.50 (min 5.70)           | 10.40 (min 9.10)          | 10.40 (min 7.30)          | 7.90 (min 6.10)           | 10.30 (min 8.00)          
type160      | 3.10 (min 2.60)           | 2.30 (min 2.00)           | 4.90 (min 4.60)           | 1.30 (min 1.00)           | 1.50 (min 1.10)           | 2.20 (min 1.30)           | 4.80 (min 4.30)           | 3.30 (min 3.10)           
#nodes       | 80                        | 139                       | 80                        | 113                       | 80                        | 93                        | 80                        | 104                       
#elems       | 55                        | 55                        | 55                        | 55                        | 55                        | 55                        | 55                        | 55                        
#text        | 25                        | 63                        | 25                        | 58                        | 25                        | 38                        | 25                        | 25                        
#cmnts       | 0                         | 21                        | 0                         | 0                         | 0                         | 0                         | 0                         | 24                        
#empty       | 0                         | 34                        | 0                         | 33                        | 0                         | 13                        | 0                         | 0                         
#ws          | 0                         | 4                         | 0                         | 0                         | 0                         | 0                         | 0                         | 0                         
BENCH_JSON written to /Users/leonid/Documents/code/ripple/benchmarks/results/baseline-2/_part-chat-stream-all.json

=== dbmon (inferno, svelte, preact, vue-vapor, solid, ripple, react, octane-jsx, octane-tsrx) ===
Building inferno-dbmon-bench
Building svelte-dbmon-bench
Building preact-dbmon-bench
Building vue-vapor-dbmon-bench
Building solid-dbmon-bench
Building ripple-dbmon-bench
Building react-dbmon-bench
Building octane-jsx-dbmon-bench
Building octane-tsrx-dbmon-bench
Running inferno (http://localhost:5326/) × 30 (+10 warmup)…
  → semantic gate
  → mount
  → tick
  → tick_partial
  → remount
  → sort
  → unmount
Running svelte (http://localhost:5274/) × 30 (+10 warmup)…
  → semantic gate
  → mount
  → tick
  → tick_partial
  → remount
  → sort
  → unmount
Running preact (http://localhost:5263/) × 30 (+10 warmup)…
  → semantic gate
  → mount
  → tick
  → tick_partial
  → remount
  → sort
  → unmount
Running vue-vapor (http://localhost:5220/) × 30 (+10 warmup)…
  → semantic gate
  → mount
  → tick
  → tick_partial
  → remount
  → sort
  → unmount
Running solid (http://localhost:5200/) × 30 (+10 warmup)…
  → semantic gate
  → mount
  → tick
  → tick_partial
  → remount
  → sort
  → unmount
Running ripple (http://localhost:5199/) × 30 (+10 warmup)…
  → semantic gate
  → mount
  → tick
  → tick_partial
  → remount
  → sort
  → unmount
Running react (http://localhost:5198/) × 30 (+10 warmup)…
  → semantic gate
  → mount
  → tick
  → tick_partial
  → remount
  → sort
  → unmount
Running octane-jsx (http://localhost:5197/) × 30 (+10 warmup)…
  → semantic gate
  → mount
  → tick
  → tick_partial
  → remount
  → sort
  → unmount
Running octane-tsrx (http://localhost:5196/) × 30 (+10 warmup)…
  → semantic gate
  → mount
  → tick
  → tick_partial
  → remount
  → sort
  → unmount

Op               | inferno                         | svelte                          | preact                          | vue-vapor                       | solid                           | ripple                          | react                           | octane-jsx                      | octane-tsrx                     
-----------------+---------------------------------+---------------------------------+---------------------------------+---------------------------------+---------------------------------+---------------------------------+---------------------------------+---------------------------------+---------------------------------
mount           | 13.70 (min 13.10, sd 0.69)      | 19.60 (min 17.30, sd 1.19)      | 25.70 (min 24.90, sd 1.11)      | 18.90 (min 16.40, sd 1.07)      | 53.40 (min 52.20, sd 3.20)      | 22.80 (min 21.90, sd 1.77)      | 26.80 (min 25.70, sd 1.71)      | 23.30 (min 22.20, sd 1.93)      | 18.40 (min 18.00, sd 0.68)      
tick            | 6.90 (min 5.90, sd 0.35)        | 8.50 (min 7.00, sd 0.69)        | 13.70 (min 11.90, sd 0.88)      | 6.90 (min 6.10, sd 0.50)        | 25.60 (min 23.80, sd 1.64)      | 7.90 (min 6.40, sd 0.67)        | 11.40 (min 9.90, sd 0.48)       | 9.30 (min 8.30, sd 0.51)        | 8.90 (min 8.20, sd 0.52)        
tick_partial    | 2.60 (min 2.40, sd 0.11)        | 2.40 (min 2.10, sd 0.20)        | 8.90 (min 7.70, sd 0.40)        | 2.10 (min 1.80, sd 0.12)        | 3.90 (min 3.40, sd 1.35)        | 2.50 (min 2.20, sd 0.19)        | 6.20 (min 5.40, sd 0.56)        | 2.60 (min 2.40, sd 0.13)        | 2.20 (min 2.00, sd 0.13)        
remount         | 16.00 (min 14.70, sd 0.89)      | 17.20 (min 11.20, sd 2.46)      | 29.40 (min 25.80, sd 1.56)      | 15.00 (min 13.50, sd 0.87)      | 37.60 (min 34.70, sd 2.62)      | 16.70 (min 14.00, sd 1.20)      | 27.40 (min 24.70, sd 1.54)      | 19.80 (min 16.70, sd 1.26)      | 17.20 (min 15.00, sd 1.16)      
sort            | 8.70 (min 3.10, sd 2.51)        | 9.20 (min 3.60, sd 2.20)        | 16.80 (min 15.00, sd 1.41)      | 8.20 (min 2.60, sd 2.22)        | 9.40 (min 3.90, sd 1.65)        | 8.30 (min 2.50, sd 2.73)        | 16.50 (min 14.20, sd 1.43)      | 8.60 (min 2.80, sd 2.55)        | 7.60 (min 1.90, sd 2.48)        
unmount         | 6.30 (min 0.90, sd 1.37)        | 5.80 (min 4.90, sd 0.53)        | 6.40 (min 1.00, sd 1.94)        | 6.00 (min 0.70, sd 1.43)        | 6.10 (min 4.00, sd 2.75)        | 5.80 (min 0.50, sd 1.50)        | 9.70 (min 9.20, sd 0.44)        | 6.10 (min 0.80, sd 1.42)        | 5.90 (min 4.90, sd 0.37)        

inferno / vue-vapor ratio (score; <1 means inferno faster):
  mount            0.76x  ++ faster
  tick             0.97x  == ~equal
  tick_partial     1.31x  -- slower
  remount          1.08x  -- slower
  sort             1.00x  == ~equal
  unmount          1.04x  == ~equal

svelte / vue-vapor ratio (score; <1 means svelte faster):
  mount            1.03x  == ~equal
  tick             1.18x  -- slower
  tick_partial     1.23x  -- slower
  remount          1.05x  -- slower
  sort             1.15x  -- slower
  unmount          1.04x  == ~equal

preact / vue-vapor ratio (score; <1 means preact faster):
  mount            1.39x  -- slower
  tick             1.90x  -- slower
  tick_partial     4.51x  -- slower
  remount          1.97x  -- slower
  sort             2.56x  -- slower
  unmount          0.99x  == ~equal

solid / vue-vapor ratio (score; <1 means solid faster):
  mount            2.95x  -- slower
  tick             3.81x  -- slower
  tick_partial     2.09x  -- slower
  remount          2.50x  -- slower
  sort             1.25x  -- slower
  unmount          1.31x  -- slower

ripple / vue-vapor ratio (score; <1 means ripple faster):
  mount            1.28x  -- slower
  tick             1.12x  -- slower
  tick_partial     1.24x  -- slower
  remount          1.06x  -- slower
  sort             1.02x  == ~equal
  unmount          0.97x  == ~equal

react / vue-vapor ratio (score; <1 means react faster):
  mount            1.44x  -- slower
  tick             1.59x  -- slower
  tick_partial     3.03x  -- slower
  remount          1.86x  -- slower
  sort             2.39x  -- slower
  unmount          1.78x  -- slower

octane-jsx / vue-vapor ratio (score; <1 means octane-jsx faster):
  mount            1.28x  -- slower
  tick             1.31x  -- slower
  tick_partial     1.31x  -- slower
  remount          1.27x  -- slower
  sort             1.11x  -- slower
  unmount          1.00x  == ~equal

octane-tsrx / vue-vapor ratio (score; <1 means octane-tsrx faster):
  mount            0.99x  == ~equal
  tick             1.23x  -- slower
  tick_partial     1.14x  -- slower
  remount          1.16x  -- slower
  sort             0.85x  ++ faster
  unmount          1.08x  -- slower

diff-skip ratio (tick_partial / tick, lower = better skipping):
  inferno          0.376x  (ideal: ~0.1)
  svelte           0.289x  (ideal: ~0.1)
  preact           0.661x  (ideal: ~0.1)
  vue-vapor        0.278x  (ideal: ~0.1)
  solid            0.153x  (ideal: ~0.1)
  ripple           0.308x  (ideal: ~0.1)
  react            0.529x  (ideal: ~0.1)
  octane-jsx       0.279x  (ideal: ~0.1)
  octane-tsrx      0.257x  (ideal: ~0.1)
BENCH_JSON written to /Users/leonid/Documents/code/ripple/benchmarks/results/baseline-2/_part-dbmon-all.json

=== uibench (inferno, preact, vue-vapor, solid, ripple, react, octane-tsrx) ===
Building inferno-uibench-bench
Building preact-uibench-bench
Building vue-vapor-uibench-bench
Building solid-uibench-bench
Building ripple-uibench-bench
Building react-uibench-bench
Building octane-tsrx-uibench-bench

UIbench desktop matrix (10 samples, mean milliseconds per forward commit; 96 cases)
┌─────────┬────────────────────────────────────────┬─────────┬──────────┬───────────┬──────────┬──────────┬──────────┬─────────────┬────────────────┬───────────────────┬───────────────┬────────────────┬───────────────┬─────────────────────┐
│ (index) │ case                                   │ inferno │ preact   │ vue-vapor │ solid    │ ripple   │ react    │ octane-tsrx │ inferno/preact │ inferno/vue-vapor │ inferno/solid │ inferno/ripple │ inferno/react │ inferno/octane-tsrx │
├─────────┼────────────────────────────────────────┼─────────┼──────────┼───────────┼──────────┼──────────┼──────────┼─────────────┼────────────────┼───────────────────┼───────────────┼────────────────┼───────────────┼─────────────────────┤
│ 0       │ 'table/[100,4]/render'                 │ '0.580' │ '0.864'  │ '1.115'   │ '2.958'  │ '0.857'  │ '0.739'  │ '1.179'     │ '0.67'         │ '0.52'            │ '0.20'        │ '0.68'         │ '0.79'        │ '0.49'              │
│ 1       │ 'table/[100,4]/removeAll'              │ '0.093' │ '0.126'  │ '0.162'   │ '0.758'  │ '0.112'  │ '0.329'  │ '0.179'     │ '0.74'         │ '0.58'            │ '0.12'        │ '0.83'         │ '0.28'        │ '0.52'              │
│ 2       │ 'table/[100,4]/sort/0'                 │ '0.227' │ '0.498'  │ '0.184'   │ '0.772'  │ '0.147'  │ '0.383'  │ '0.151'     │ '0.46'         │ '1.24'            │ '0.29'        │ '1.55'         │ '0.59'        │ '1.50'              │
│ 3       │ 'table/[100,4]/sort/1'                 │ '0.223' │ '0.513'  │ '0.178'   │ '0.886'  │ '0.138'  │ '0.511'  │ '0.150'     │ '0.44'         │ '1.26'            │ '0.25'        │ '1.62'         │ '0.44'        │ '1.48'              │
│ 4       │ 'table/[100,4]/filter/32'              │ '0.134' │ '0.281'  │ '0.051'   │ '0.622'  │ '0.044'  │ '0.305'  │ '0.055'     │ '0.48'         │ '2.62'            │ '0.21'        │ '3.03'         │ '0.44'        │ '2.41'              │
│ 5       │ 'table/[100,4]/filter/16'              │ '0.135' │ '0.300'  │ '0.043'   │ '0.700'  │ '0.047'  │ '0.270'  │ '0.055'     │ '0.45'         │ '3.12'            │ '0.19'        │ '2.89'         │ '0.50'        │ '2.44'              │
│ 6       │ 'table/[100,4]/filter/8'               │ '0.133' │ '0.354'  │ '0.046'   │ '0.665'  │ '0.050'  │ '0.270'  │ '0.063'     │ '0.38'         │ '2.90'            │ '0.20'        │ '2.68'         │ '0.49'        │ '2.11'              │
│ 7       │ 'table/[100,4]/filter/4'               │ '0.134' │ '0.356'  │ '0.064'   │ '0.815'  │ '0.059'  │ '0.282'  │ '0.077'     │ '0.38'         │ '2.10'            │ '0.16'        │ '2.26'         │ '0.47'        │ '1.74'              │
│ 8       │ 'table/[100,4]/activate/32'            │ '0.135' │ '0.333'  │ '0.016'   │ '0.520'  │ '0.036'  │ '0.299'  │ '0.041'     │ '0.40'         │ '8.36'            │ '0.26'        │ '3.74'         │ '0.45'        │ '3.31'              │
│ 9       │ 'table/[100,4]/activate/16'            │ '0.139' │ '0.348'  │ '0.022'   │ '0.552'  │ '0.037'  │ '0.263'  │ '0.041'     │ '0.40'         │ '6.36'            │ '0.25'        │ '3.72'         │ '0.53'        │ '3.40'              │
│ 10      │ 'table/[100,4]/activate/8'             │ '0.137' │ '0.356'  │ '0.029'   │ '0.589'  │ '0.040'  │ '0.264'  │ '0.043'     │ '0.39'         │ '4.74'            │ '0.23'        │ '3.41'         │ '0.52'        │ '3.17'              │
│ 11      │ 'table/[100,4]/activate/4'             │ '0.145' │ '0.347'  │ '0.042'   │ '0.575'  │ '0.046'  │ '0.277'  │ '0.050'     │ '0.42'         │ '3.46'            │ '0.25'        │ '3.12'         │ '0.52'        │ '2.89'              │
│ 12      │ 'table/[50,4]/render'                  │ '0.324' │ '0.563'  │ '0.578'   │ '1.669'  │ '0.450'  │ '0.379'  │ '0.645'     │ '0.57'         │ '0.56'            │ '0.19'        │ '0.72'         │ '0.85'        │ '0.50'              │
│ 13      │ 'table/[50,4]/removeAll'               │ '0.046' │ '0.094'  │ '0.074'   │ '0.514'  │ '0.051'  │ '0.184'  │ '0.089'     │ '0.49'         │ '0.62'            │ '0.09'        │ '0.90'         │ '0.25'        │ '0.52'              │
│ 14      │ 'table/[50,4]/sort/0'                  │ '0.122' │ '0.251'  │ '0.075'   │ '0.506'  │ '0.070'  │ '0.197'  │ '0.078'     │ '0.49'         │ '1.62'            │ '0.24'        │ '1.74'         │ '0.62'        │ '1.56'              │
│ 15      │ 'table/[50,4]/sort/1'                  │ '0.114' │ '0.231'  │ '0.069'   │ '0.493'  │ '0.065'  │ '0.207'  │ '0.068'     │ '0.49'         │ '1.64'            │ '0.23'        │ '1.75'         │ '0.55'        │ '1.68'              │
│ 16      │ 'table/[50,4]/filter/32'               │ '0.066' │ '0.172'  │ '0.010'   │ '0.362'  │ '0.022'  │ '0.159'  │ '0.027'     │ '0.39'         │ '6.40'            │ '0.18'        │ '3.02'         │ '0.42'        │ '2.45'              │
│ 17      │ 'table/[50,4]/filter/16'               │ '0.074' │ '0.169'  │ '0.025'   │ '0.420'  │ '0.027'  │ '0.155'  │ '0.035'     │ '0.44'         │ '2.96'            │ '0.18'        │ '2.74'         │ '0.48'        │ '2.13'              │
│ 18      │ 'table/[50,4]/filter/8'                │ '0.075' │ '0.171'  │ '0.027'   │ '0.425'  │ '0.031'  │ '0.158'  │ '0.047'     │ '0.43'         │ '2.72'            │ '0.18'        │ '2.41'         │ '0.47'        │ '1.58'              │
│ 19      │ 'table/[50,4]/filter/4'                │ '0.074' │ '0.175'  │ '0.031'   │ '0.343'  │ '0.034'  │ '0.156'  │ '0.062'     │ '0.42'         │ '2.39'            │ '0.21'        │ '2.19'         │ '0.47'        │ '1.19'              │
│ 20      │ 'table/[50,4]/activate/32'             │ '0.064' │ '0.196'  │ '0.014'   │ '0.439'  │ '0.023'  │ '0.148'  │ '0.024'     │ '0.33'         │ '4.61'            │ '0.15'        │ '2.83'         │ '0.43'        │ '2.68'              │
│ 21      │ 'table/[50,4]/activate/16'             │ '0.066' │ '0.201'  │ '0.012'   │ '0.447'  │ '0.026'  │ '0.144'  │ '0.025'     │ '0.33'         │ '5.40'            │ '0.15'        │ '2.50'         │ '0.45'        │ '2.63'              │
│ 22      │ 'table/[50,4]/activate/8'              │ '0.073' │ '0.191'  │ '0.018'   │ '0.394'  │ '0.024'  │ '0.145'  │ '0.025'     │ '0.38'         │ '4.06'            │ '0.19'        │ '3.08'         │ '0.51'        │ '2.90'              │
│ 23      │ 'table/[50,4]/activate/4'              │ '0.073' │ '0.186'  │ '0.026'   │ '0.391'  │ '0.032'  │ '0.147'  │ '0.027'     │ '0.40'         │ '2.77'            │ '0.19'        │ '2.26'         │ '0.50'        │ '2.75'              │
│ 24      │ 'table/[100,2]/render'                 │ '0.449' │ '0.786'  │ '0.966'   │ '2.014'  │ '0.643'  │ '0.499'  │ '0.943'     │ '0.57'         │ '0.46'            │ '0.22'        │ '0.70'         │ '0.90'        │ '0.48'              │
│ 25      │ 'table/[100,2]/removeAll'              │ '0.069' │ '0.178'  │ '0.124'   │ '0.542'  │ '0.080'  │ '0.237'  │ '0.147'     │ '0.39'         │ '0.55'            │ '0.13'        │ '0.86'         │ '0.29'        │ '0.47'              │
│ 26      │ 'table/[100,2]/sort/0'                 │ '0.174' │ '0.442'  │ '0.172'   │ '0.623'  │ '0.119'  │ '0.290'  │ '0.139'     │ '0.39'         │ '1.01'            │ '0.28'        │ '1.47'         │ '0.60'        │ '1.25'              │
│ 27      │ 'table/[100,2]/sort/1'                 │ '0.168' │ '0.420'  │ '0.151'   │ '0.652'  │ '0.112'  │ '0.291'  │ '0.133'     │ '0.40'         │ '1.12'            │ '0.26'        │ '1.51'         │ '0.58'        │ '1.26'              │
│ 28      │ 'table/[100,2]/filter/32'              │ '0.093' │ '0.225'  │ '0.041'   │ '0.677'  │ '0.032'  │ '0.205'  │ '0.053'     │ '0.41'         │ '2.29'            │ '0.14'        │ '2.90'         │ '0.45'        │ '1.76'              │
│ 29      │ 'table/[100,2]/filter/16'              │ '0.096' │ '0.229'  │ '0.038'   │ '0.445'  │ '0.035'  │ '0.201'  │ '0.058'     │ '0.42'         │ '2.54'            │ '0.22'        │ '2.77'         │ '0.48'        │ '1.66'              │
│ 30      │ 'table/[100,2]/filter/8'               │ '0.097' │ '0.210'  │ '0.044'   │ '0.489'  │ '0.037'  │ '0.203'  │ '0.066'     │ '0.46'         │ '2.21'            │ '0.20'        │ '2.64'         │ '0.48'        │ '1.47'              │
│ 31      │ 'table/[100,2]/filter/4'               │ '0.096' │ '0.203'  │ '0.056'   │ '0.551'  │ '0.044'  │ '0.204'  │ '0.074'     │ '0.47'         │ '1.72'            │ '0.17'        │ '2.19'         │ '0.47'        │ '1.30'              │
│ 32      │ 'table/[100,2]/activate/32'            │ '0.081' │ '0.260'  │ '0.016'   │ '0.400'  │ '0.025'  │ '0.195'  │ '0.033'     │ '0.31'         │ '5.15'            │ '0.20'        │ '3.24'         │ '0.42'        │ '2.43'              │
│ 33      │ 'table/[100,2]/activate/16'            │ '0.086' │ '0.281'  │ '0.021'   │ '0.414'  │ '0.026'  │ '0.211'  │ '0.038'     │ '0.31'         │ '4.13'            │ '0.21'        │ '3.30'         │ '0.41'        │ '2.28'              │
│ 34      │ 'table/[100,2]/activate/8'             │ '0.095' │ '0.261'  │ '0.025'   │ '0.512'  │ '0.029'  │ '0.230'  │ '0.045'     │ '0.37'         │ '3.81'            │ '0.19'        │ '3.27'         │ '0.41'        │ '2.13'              │
│ 35      │ 'table/[100,2]/activate/4'             │ '0.097' │ '0.255'  │ '0.035'   │ '0.452'  │ '0.035'  │ '0.226'  │ '0.053'     │ '0.38'         │ '2.78'            │ '0.22'        │ '2.78'         │ '0.43'        │ '1.84'              │
│ 36      │ 'table/[50,2]/render'                  │ '0.269' │ '0.445'  │ '0.476'   │ '1.003'  │ '0.320'  │ '0.302'  │ '0.503'     │ '0.61'         │ '0.57'            │ '0.27'        │ '0.84'         │ '0.89'        │ '0.54'              │
│ 37      │ 'table/[50,2]/removeAll'               │ '0.036' │ '0.107'  │ '0.057'   │ '0.276'  │ '0.037'  │ '0.149'  │ '0.078'     │ '0.33'         │ '0.62'            │ '0.13'        │ '0.98'         │ '0.24'        │ '0.46'              │
│ 38      │ 'table/[50,2]/sort/0'                  │ '0.102' │ '0.231'  │ '0.070'   │ '0.349'  │ '0.056'  │ '0.159'  │ '0.073'     │ '0.44'         │ '1.46'            │ '0.29'        │ '1.82'         │ '0.64'        │ '1.41'              │
│ 39      │ 'table/[50,2]/sort/1'                  │ '0.089' │ '0.212'  │ '0.067'   │ '0.336'  │ '0.050'  │ '0.157'  │ '0.064'     │ '0.42'         │ '1.33'            │ '0.27'        │ '1.79'         │ '0.57'        │ '1.39'              │
│ 40      │ 'table/[50,2]/filter/32'               │ '0.047' │ '0.185'  │ '0.010'   │ '0.296'  │ '0.013'  │ '0.112'  │ '0.030'     │ '0.25'         │ '4.54'            │ '0.16'        │ '3.48'         │ '0.42'        │ '1.55'              │
│ 41      │ 'table/[50,2]/filter/16'               │ '0.057' │ '0.148'  │ '0.022'   │ '0.328'  │ '0.019'  │ '0.115'  │ '0.035'     │ '0.38'         │ '2.53'            │ '0.17'        │ '3.01'         │ '0.49'        │ '1.64'              │
│ 42      │ 'table/[50,2]/filter/8'                │ '0.058' │ '0.169'  │ '0.026'   │ '0.282'  │ '0.021'  │ '0.115'  │ '0.037'     │ '0.34'         │ '2.20'            │ '0.21'        │ '2.77'         │ '0.50'        │ '1.57'              │
│ 43      │ 'table/[50,2]/filter/4'                │ '0.056' │ '0.182'  │ '0.029'   │ '0.351'  │ '0.025'  │ '0.116'  │ '0.046'     │ '0.31'         │ '1.96'            │ '0.16'        │ '2.27'         │ '0.49'        │ '1.23'              │
│ 44      │ 'table/[50,2]/activate/32'             │ '0.052' │ '0.151'  │ '0.009'   │ '0.244'  │ '0.013'  │ '0.109'  │ '0.021'     │ '0.34'         │ '5.98'            │ '0.21'        │ '4.11'         │ '0.48'        │ '2.49'              │
│ 45      │ 'table/[50,2]/activate/16'             │ '0.051' │ '0.129'  │ '0.011'   │ '0.237'  │ '0.014'  │ '0.115'  │ '0.023'     │ '0.39'         │ '4.80'            │ '0.21'        │ '3.64'         │ '0.44'        │ '2.24'              │
│ 46      │ 'table/[50,2]/activate/8'              │ '0.050' │ '0.129'  │ '0.016'   │ '0.214'  │ '0.014'  │ '0.110'  │ '0.025'     │ '0.39'         │ '3.20'            │ '0.23'        │ '3.47'         │ '0.46'        │ '1.98'              │
│ 47      │ 'table/[50,2]/activate/4'              │ '0.052' │ '0.131'  │ '0.022'   │ '0.219'  │ '0.017'  │ '0.112'  │ '0.029'     │ '0.40'         │ '2.37'            │ '0.24'        │ '3.01'         │ '0.46'        │ '1.78'              │
│ 48      │ 'anim/100/32'                          │ '0.032' │ '0.059'  │ '0.013'   │ '0.117'  │ '0.019'  │ '0.056'  │ '0.016'     │ '0.55'         │ '2.42'            │ '0.28'        │ '1.65'         │ '0.57'        │ '1.96'              │
│ 49      │ 'anim/100/16'                          │ '0.035' │ '0.057'  │ '0.019'   │ '0.119'  │ '0.021'  │ '0.070'  │ '0.030'     │ '0.60'         │ '1.85'            │ '0.29'        │ '1.62'         │ '0.49'        │ '1.15'              │
│ 50      │ 'anim/100/8'                           │ '0.033' │ '0.060'  │ '0.022'   │ '0.135'  │ '0.023'  │ '0.068'  │ '0.040'     │ '0.54'         │ '1.46'            │ '0.24'        │ '1.41'         │ '0.48'        │ '0.82'              │
│ 51      │ 'anim/100/4'                           │ '0.037' │ '0.062'  │ '0.029'   │ '0.144'  │ '0.031'  │ '0.070'  │ '0.067'     │ '0.60'         │ '1.29'            │ '0.26'        │ '1.20'         │ '0.53'        │ '0.55'              │
│ 52      │ 'tree/[500]/render'                    │ '1.074' │ '2.110'  │ '3.992'   │ '4.795'  │ '1.952'  │ '2.057'  │ '2.434'     │ '0.51'         │ '0.27'            │ '0.22'        │ '0.55'         │ '0.52'        │ '0.44'              │
│ 53      │ 'tree/[500]/removeAll'                 │ '0.243' │ '0.724'  │ '1.037'   │ '1.446'  │ '0.361'  │ '0.770'  │ '0.640'     │ '0.34'         │ '0.23'            │ '0.17'        │ '0.67'         │ '0.32'        │ '0.38'              │
│ 54      │ 'tree/[50,10]/render'                  │ '1.169' │ '2.570'  │ '4.557'   │ '6.665'  │ '2.261'  │ '1.776'  │ '2.889'     │ '0.45'         │ '0.26'            │ '0.18'        │ '0.52'         │ '0.66'        │ '0.40'              │
│ 55      │ 'tree/[50,10]/removeAll'               │ '0.250' │ '0.492'  │ '0.745'   │ '1.979'  │ '0.328'  │ '0.888'  │ '0.446'     │ '0.51'         │ '0.34'            │ '0.13'        │ '0.76'         │ '0.28'        │ '0.56'              │
│ 56      │ 'tree/[10,50]/render'                  │ '1.070' │ '2.085'  │ '4.506'   │ '5.470'  │ '1.781'  │ '1.556'  │ '2.562'     │ '0.51'         │ '0.24'            │ '0.20'        │ '0.60'         │ '0.69'        │ '0.42'              │
│ 57      │ 'tree/[10,50]/removeAll'               │ '0.174' │ '0.346'  │ '0.576'   │ '1.503'  │ '0.265'  │ '0.723'  │ '0.328'     │ '0.50'         │ '0.30'            │ '0.12'        │ '0.66'         │ '0.24'        │ '0.53'              │
│ 58      │ 'tree/[5,100]/render'                  │ '1.046' │ '2.203'  │ '3.949'   │ '5.091'  │ '1.741'  │ '1.406'  │ '2.446'     │ '0.47'         │ '0.26'            │ '0.21'        │ '0.60'         │ '0.74'        │ '0.43'              │
│ 59      │ 'tree/[5,100]/removeAll'               │ '0.205' │ '0.323'  │ '0.691'   │ '1.557'  │ '0.270'  │ '0.587'  │ '0.348'     │ '0.63'         │ '0.30'            │ '0.13'        │ '0.76'         │ '0.35'        │ '0.59'              │
│ 60      │ 'tree/[2,2,2,2,2,2,2,2,2,2]/render'    │ '7.513' │ '11.640' │ '22.218'  │ '28.206' │ '10.556' │ '9.760'  │ '14.062'    │ '0.65'         │ '0.34'            │ '0.27'        │ '0.71'         │ '0.77'        │ '0.53'              │
│ 61      │ 'tree/[2,2,2,2,2,2,2,2,2,2]/removeAll' │ '3.744' │ '3.923'  │ '6.925'   │ '10.525' │ '3.446'  │ '5.743'  │ '4.240'     │ '0.95'         │ '0.54'            │ '0.36'        │ '1.09'         │ '0.65'        │ '0.88'              │
│ 62      │ 'tree/[500]/[reverse]'                 │ '0.614' │ '3.142'  │ '0.818'   │ '1.978'  │ '0.490'  │ '1.290'  │ '0.515'     │ '0.20'         │ '0.75'            │ '0.31'        │ '1.25'         │ '0.48'        │ '1.19'              │
│ 63      │ 'tree/[500]/[insertFirst(1)]'          │ '0.212' │ '0.634'  │ '0.069'   │ '1.650'  │ '0.073'  │ '0.287'  │ '0.065'     │ '0.33'         │ '3.07'            │ '0.13'        │ '2.89'         │ '0.74'        │ '3.25'              │
│ 64      │ 'tree/[500]/[insertLast(1)]'           │ '0.208' │ '0.617'  │ '0.055'   │ '1.730'  │ '0.070'  │ '0.255'  │ '0.057'     │ '0.34'         │ '3.79'            │ '0.12'        │ '2.99'         │ '0.81'        │ '3.65'              │
│ 65      │ 'tree/[500]/[removeFirst(1)]'          │ '0.203' │ '0.649'  │ '0.063'   │ '1.680'  │ '0.070'  │ '0.281'  │ '0.060'     │ '0.31'         │ '3.22'            │ '0.12'        │ '2.91'         │ '0.72'        │ '3.40'              │
│ 66      │ 'tree/[500]/[removeLast(1)]'           │ '0.202' │ '0.716'  │ '0.070'   │ '1.324'  │ '0.073'  │ '0.248'  │ '0.053'     │ '0.28'         │ '2.91'            │ '0.15'        │ '2.77'         │ '0.81'        │ '3.81'              │
│ 67      │ 'tree/[500]/[moveFromEndToStart(1)]'   │ '0.268' │ '0.635'  │ '0.929'   │ '1.801'  │ '0.107'  │ '1.292'  │ '0.107'     │ '0.42'         │ '0.29'            │ '0.15'        │ '2.51'         │ '0.21'        │ '2.52'              │
│ 68      │ 'tree/[500]/[moveFromStartToEnd(1)]'   │ '0.269' │ '0.646'  │ '0.233'   │ '1.594'  │ '0.105'  │ '0.295'  │ '0.109'     │ '0.42'         │ '1.15'            │ '0.17'        │ '2.57'         │ '0.91'        │ '2.47'              │
│ 69      │ 'tree/[50,10]/[reverse]'               │ '0.391' │ '1.108'  │ '0.271'   │ '1.052'  │ '0.212'  │ '0.198'  │ '0.186'     │ '0.35'         │ '1.44'            │ '0.37'        │ '1.84'         │ '1.98'        │ '2.10'              │
│ 70      │ 'tree/[50,10]/[insertFirst(1)]'        │ '0.263' │ '0.783'  │ '0.025'   │ '1.090'  │ '0.054'  │ '0.055'  │ '0.022'     │ '0.34'         │ '10.34'           │ '0.24'        │ '4.91'         │ '4.81'        │ '11.89'             │
│ 71      │ 'tree/[50,10]/[insertLast(1)]'         │ '0.289' │ '0.902'  │ '0.021'   │ '1.028'  │ '0.053'  │ '0.051'  │ '0.021'     │ '0.32'         │ '13.76'           │ '0.28'        │ '5.49'         │ '5.63'        │ '13.52'             │
│ 72      │ 'tree/[50,10]/[removeFirst(1)]'        │ '0.284' │ '0.737'  │ '0.020'   │ '1.135'  │ '0.045'  │ '0.061'  │ '0.018'     │ '0.39'         │ '14.11'           │ '0.25'        │ '6.31'         │ '4.64'        │ '15.59'             │
│ 73      │ 'tree/[50,10]/[removeLast(1)]'         │ '0.251' │ '0.760'  │ '0.019'   │ '0.879'  │ '0.044'  │ '0.052'  │ '0.019'     │ '0.33'         │ '13.31'           │ '0.29'        │ '5.70'         │ '4.86'        │ '13.27'             │
│ 74      │ 'tree/[50,10]/[moveFromEndToStart(1)]' │ '0.266' │ '0.712'  │ '0.239'   │ '0.877'  │ '0.056'  │ '0.184'  │ '0.022'     │ '0.37'         │ '1.11'            │ '0.30'        │ '4.77'         │ '1.44'        │ '12.29'             │
│ 75      │ 'tree/[50,10]/[moveFromStartToEnd(1)]' │ '0.255' │ '0.710'  │ '0.039'   │ '1.090'  │ '0.053'  │ '0.045'  │ '0.021'     │ '0.36'         │ '6.47'            │ '0.23'        │ '4.77'         │ '5.64'        │ '12.05'             │
│ 76      │ 'tree/[10,50]/[reverse]'               │ '0.305' │ '0.840'  │ '0.140'   │ '1.067'  │ '0.135'  │ '0.110'  │ '0.126'     │ '0.36'         │ '2.18'            │ '0.29'        │ '2.25'         │ '2.77'        │ '2.42'              │
│ 77      │ 'tree/[10,50]/[insertFirst(1)]'        │ '0.218' │ '0.727'  │ '0.020'   │ '0.965'  │ '0.045'  │ '0.024'  │ '0.018'     │ '0.30'         │ '11.16'           │ '0.23'        │ '4.89'         │ '9.19'        │ '12.04'             │
│ 78      │ 'tree/[10,50]/[insertLast(1)]'         │ '0.221' │ '0.642'  │ '0.016'   │ '1.020'  │ '0.044'  │ '0.022'  │ '0.019'     │ '0.34'         │ '14.03'           │ '0.22'        │ '5.01'         │ '10.01'       │ '11.93'             │
│ 79      │ 'tree/[10,50]/[removeFirst(1)]'        │ '0.202' │ '0.590'  │ '0.041'   │ '1.060'  │ '0.043'  │ '0.062'  │ '0.028'     │ '0.34'         │ '4.97'            │ '0.19'        │ '4.71'         │ '3.24'        │ '7.17'              │
│ 80      │ 'tree/[10,50]/[removeLast(1)]'         │ '0.200' │ '0.588'  │ '0.038'   │ '1.009'  │ '0.043'  │ '0.061'  │ '0.027'     │ '0.34'         │ '5.32'            │ '0.20'        │ '4.64'         │ '3.31'        │ '7.42'              │
│ 81      │ 'tree/[10,50]/[moveFromEndToStart(1)]' │ '0.225' │ '0.654'  │ '0.145'   │ '0.991'  │ '0.048'  │ '0.103'  │ '0.024'     │ '0.34'         │ '1.55'            │ '0.23'        │ '4.69'         │ '2.19'        │ '9.28'              │
│ 82      │ 'tree/[10,50]/[moveFromStartToEnd(1)]' │ '0.224' │ '0.721'  │ '0.028'   │ '1.017'  │ '0.048'  │ '0.030'  │ '0.024'     │ '0.31'         │ '8.01'            │ '0.22'        │ '4.63'         │ '7.39'        │ '9.18'              │
│ 83      │ 'tree/[5,100]/[reverse]'               │ '0.291' │ '0.815'  │ '0.125'   │ '1.013'  │ '0.118'  │ '0.089'  │ '0.105'     │ '0.36'         │ '2.32'            │ '0.29'        │ '2.46'         │ '3.28'        │ '2.77'              │
│ 84      │ 'tree/[5,100]/[insertFirst(1)]'        │ '0.239' │ '0.664'  │ '0.019'   │ '0.969'  │ '0.046'  │ '0.020'  │ '0.017'     │ '0.36'         │ '12.54'           │ '0.25'        │ '5.20'         │ '11.81'       │ '14.20'             │
│ 85      │ 'tree/[5,100]/[insertLast(1)]'         │ '0.253' │ '0.656'  │ '0.017'   │ '1.086'  │ '0.046'  │ '0.023'  │ '0.018'     │ '0.39'         │ '14.56'           │ '0.23'        │ '5.46'         │ '11.07'       │ '14.43'             │
│ 86      │ 'tree/[5,100]/[removeFirst(1)]'        │ '0.224' │ '0.562'  │ '0.079'   │ '0.872'  │ '0.052'  │ '0.099'  │ '0.040'     │ '0.40'         │ '2.83'            │ '0.26'        │ '4.35'         │ '2.27'        │ '5.56'              │
│ 87      │ 'tree/[5,100]/[removeLast(1)]'         │ '0.190' │ '0.540'  │ '0.072'   │ '0.806'  │ '0.051'  │ '0.097'  │ '0.039'     │ '0.35'         │ '2.62'            │ '0.24'        │ '3.74'         │ '1.96'        │ '4.87'              │
│ 88      │ 'tree/[5,100]/[moveFromEndToStart(1)]' │ '0.225' │ '0.763'  │ '0.115'   │ '1.161'  │ '0.055'  │ '0.097'  │ '0.034'     │ '0.30'         │ '1.95'            │ '0.19'        │ '4.06'         │ '2.33'        │ '6.60'              │
│ 89      │ 'tree/[5,100]/[moveFromStartToEnd(1)]' │ '0.227' │ '0.670'  │ '0.034'   │ '0.969'  │ '0.056'  │ '0.042'  │ '0.034'     │ '0.34'         │ '6.59'            │ '0.23'        │ '4.04'         │ '5.38'        │ '6.74'              │
│ 90      │ 'tree/[500]/[kivi_worst_case]'         │ '0.645' │ '2.968'  │ '0.742'   │ '1.783'  │ '0.543'  │ '1.531'  │ '0.560'     │ '0.22'         │ '0.87'            │ '0.36'        │ '1.19'         │ '0.42'        │ '1.15'              │
│ 91      │ 'tree/[500]/[snabbdom_worst_case]'     │ '0.284' │ '0.615'  │ '0.180'   │ '1.339'  │ '0.123'  │ '0.364'  │ '0.112'     │ '0.46'         │ '1.58'            │ '0.21'        │ '2.32'         │ '0.78'        │ '2.55'              │
│ 92      │ 'tree/[500]/[react_worst_case]'        │ '0.291' │ '0.617'  │ '0.095'   │ '1.731'  │ '0.131'  │ '1.314'  │ '0.095'     │ '0.47'         │ '3.05'            │ '0.17'        │ '2.21'         │ '0.22'        │ '3.05'              │
│ 93      │ 'tree/[500]/[virtual_dom_worst_case]'  │ '0.286' │ '1.716'  │ '0.170'   │ '1.317'  │ '0.128'  │ '0.323'  │ '0.109'     │ '0.17'         │ '1.68'            │ '0.22'        │ '2.23'         │ '0.89'        │ '2.62'              │
│ 94      │ 'tree/[10,10,10,10]/no_change'         │ '6.641' │ '17.443' │ '18.073'  │ '34.929' │ '2.774'  │ '11.392' │ '10.849'    │ '0.38'         │ '0.37'            │ '0.19'        │ '2.39'         │ '0.58'        │ '0.61'              │
│ 95      │ 'tree/[2,2,2,2,2,2,2,2,2,2]/no_change' │ '1.325' │ '3.447'  │ '5.093'   │ '4.569'  │ '0.262'  │ '3.437'  │ '2.694'     │ '0.38'         │ '0.26'            │ '0.29'        │ '5.05'         │ '0.39'        │ '0.49'              │
└─────────┴────────────────────────────────────────┴─────────┴──────────┴───────────┴──────────┴──────────┴──────────┴─────────────┴────────────────┴───────────────────┴───────────────┴────────────────┴───────────────┴─────────────────────┘

=== effectful-list (inferno, svelte, preact, vue-vapor, solid, ripple, react, octane-jsx, octane-tsrx) ===
Building inferno-effectful-list-bench
Building svelte-effectful-list-bench
Building preact-effectful-list-bench
Building vue-vapor-effectful-list-bench
Building solid-effectful-list-bench
Building ripple-effectful-list-bench
Building react-effectful-list-bench
Building octane-jsx-effectful-list-bench
Building octane-tsrx-effectful-list-bench
Running inferno (http://localhost:5330/) × 30 (+10 warmup)…
  → mount_1k (gate)
  → mount_1k
  → update_nodeps (gate)
  → update_nodeps
  → update_deps (gate)
  → update_deps
  → clear (gate)
  → clear
  → remount (gate)
  → remount
  → remove_100_scattered (gate)
  → remove_100_scattered
Running svelte (http://localhost:5277/) × 30 (+10 warmup)…
  → mount_1k (gate)
  → mount_1k
  → update_nodeps (gate)
  → update_nodeps
  → update_deps (gate)
  → update_deps
  → clear (gate)
  → clear
  → remount (gate)
  → remount
  → remove_100_scattered (gate)
  → remove_100_scattered
Running preact (http://localhost:5266/) × 30 (+10 warmup)…
  → mount_1k (gate)
  → mount_1k
  → update_nodeps (gate)
  → update_nodeps
  → update_deps (gate)
  → update_deps
  → clear (gate)
  → clear
  → remount (gate)
  → remount
  → remove_100_scattered (gate)
  → remove_100_scattered
Running vue-vapor (http://localhost:5221/) × 30 (+10 warmup)…
  → mount_1k (gate)
  → mount_1k
  → update_nodeps (gate)
  → update_nodeps
  → update_deps (gate)
  → update_deps
  → clear (gate)
  → clear
  → remount (gate)
  → remount
  → remove_100_scattered (gate)
  → remove_100_scattered
Running solid (http://localhost:5204/) × 30 (+10 warmup)…
  → mount_1k (gate)
  → mount_1k
  → update_nodeps (gate)
  → update_nodeps
  → update_deps (gate)
  → update_deps
  → clear (gate)
  → clear
  → remount (gate)
  → remount
  → remove_100_scattered (gate)
  → remove_100_scattered
Running ripple (http://localhost:5205/) × 30 (+10 warmup)…
  → mount_1k (gate)
  → mount_1k
  → update_nodeps (gate)
  → update_nodeps
  → update_deps (gate)
  → update_deps
  → clear (gate)
  → clear
  → remount (gate)
  → remount
  → remove_100_scattered (gate)
  → remove_100_scattered
Running react (http://localhost:5203/) × 30 (+10 warmup)…
  → mount_1k (gate)
  → mount_1k
  → update_nodeps (gate)
  → update_nodeps
  → update_deps (gate)
  → update_deps
  → clear (gate)
  → clear
  → remount (gate)
  → remount
  → remove_100_scattered (gate)
  → remove_100_scattered
Running octane-jsx (http://localhost:5202/) × 30 (+10 warmup)…
  → mount_1k (gate)
  → mount_1k
  → update_nodeps (gate)
  → update_nodeps
  → update_deps (gate)
  → update_deps
  → clear (gate)
  → clear
  → remount (gate)
  → remount
  → remove_100_scattered (gate)
  → remove_100_scattered
Running octane-tsrx (http://localhost:5201/) × 30 (+10 warmup)…
  → mount_1k (gate)
  → mount_1k
  → update_nodeps (gate)
  → update_nodeps
  → update_deps (gate)
  → update_deps
  → clear (gate)
  → clear
  → remount (gate)
  → remount
  → remove_100_scattered (gate)
  → remove_100_scattered

Op                   | inferno                       | svelte                        | preact                        | vue-vapor                     | solid                         | ripple                        | react                         | octane-jsx                    | octane-tsrx                   
---------------------+-------------------------------+-------------------------------+-------------------------------+-------------------------------+-------------------------------+-------------------------------+-------------------------------+-------------------------------+-------------------------------
mount_1k            | 34.30 (min 33.80, sd 0.53)    | 38.40 (min 35.50, sd 2.97)    | 41.20 (min 36.00, sd 2.91)    | 39.00 (min 36.80, sd 2.32)    | 47.10 (min 45.40, sd 2.67)    | 36.00 (min 33.50, sd 1.93)    | 39.20 (min 37.70, sd 2.39)    | 37.30 (min 36.30, sd 0.82)    | 38.60 (min 37.00, sd 2.02)    
update_nodeps       | 0.66 (min 0.57, sd 0.05)      | 0.06 (min 0.05, sd 0.01)      | 15.17 (min 14.26, sd 0.48)    | 0.01 (min 0.00, sd 0.01)      | 0.02 (min 0.00, sd 0.01)      | 0.26 (min 0.22, sd 0.02)      | 0.03 (min 0.02, sd 0.01)      | 1.59 (min 1.34, sd 0.15)      | 0.78 (min 0.73, sd 0.07)      
update_deps         | 9.94 (min 9.37, sd 0.66)      | 10.76 (min 9.87, sd 0.95)     | 19.68 (min 17.94, sd 1.10)    | 13.38 (min 12.14, sd 3.04)    | 13.12 (min 12.13, sd 0.69)    | 11.10 (min 10.26, sd 0.86)    | 11.75 (min 10.88, sd 0.93)    | 13.21 (min 12.04, sd 0.73)    | 12.55 (min 12.00, sd 0.47)    
clear               | 2.80 (min 2.60, sd 0.37)      | 3.90 (min 3.50, sd 0.32)      | 4.50 (min 3.60, sd 0.34)      | 6.30 (min 5.30, sd 2.25)      | 5.20 (min 5.10, sd 0.11)      | 3.70 (min 3.30, sd 0.48)      | 5.00 (min 4.70, sd 0.39)      | 5.20 (min 4.00, sd 1.55)      | 4.60 (min 4.20, sd 0.23)      
remount             | 32.80 (min 31.70, sd 2.12)    | 36.50 (min 35.10, sd 3.04)    | 70.50 (min 45.50, sd 17.38)   | 53.90 (min 50.60, sd 4.00)    | 40.40 (min 38.70, sd 1.86)    | 40.80 (min 37.20, sd 2.71)    | 40.40 (min 35.80, sd 3.62)    | 47.40 (min 39.40, sd 27.09)   | 41.70 (min 39.60, sd 1.84)    
remove_100_scattered| 2.10 (min 1.70, sd 0.15)      | 1.10 (min 1.00, sd 0.13)      | 6.70 (min 5.70, sd 0.55)      | 2.80 (min 2.50, sd 0.35)      | 2.50 (min 2.30, sd 0.24)      | 1.80 (min 1.40, sd 0.79)      | 2.20 (min 1.80, sd 0.34)      | 3.70 (min 3.30, sd 0.83)      | 2.70 (min 2.50, sd 0.17)      

svelte / inferno ratio (score; <1 means svelte faster):
  mount_1k             1.13x  -- slower
  update_nodeps        0.08x  ++ faster
  update_deps          1.00x  == ~equal
  clear                1.33x  -- slower
  remount              1.11x  -- slower
  remove_100_scattered 0.57x  ++ faster

preact / inferno ratio (score; <1 means preact faster):
  mount_1k             1.13x  -- slower
  update_nodeps        22.77x  -- slower
  update_deps          1.93x  -- slower
  clear                1.51x  -- slower
  remount              1.50x  -- slower
  remove_100_scattered 3.26x  -- slower

vue-vapor / inferno ratio (score; <1 means vue-vapor faster):
  mount_1k             1.12x  -- slower
  update_nodeps        0.01x  ++ faster
  update_deps          1.32x  -- slower
  clear                2.26x  -- slower
  remount              1.66x  -- slower
  remove_100_scattered 1.41x  -- slower

solid / inferno ratio (score; <1 means solid faster):
  mount_1k             1.35x  -- slower
  update_nodeps        0.02x  ++ faster
  update_deps          1.20x  -- slower
  clear                1.78x  -- slower
  remount              1.14x  -- slower
  remove_100_scattered 1.28x  -- slower

ripple / inferno ratio (score; <1 means ripple faster):
  mount_1k             1.04x  == ~equal
  update_nodeps        0.39x  ++ faster
  update_deps          1.12x  -- slower
  clear                1.26x  -- slower
  remount              1.24x  -- slower
  remove_100_scattered 0.78x  ++ faster

react / inferno ratio (score; <1 means react faster):
  mount_1k             1.20x  -- slower
  update_nodeps        0.05x  ++ faster
  update_deps          1.10x  -- slower
  clear                1.73x  -- slower
  remount              1.21x  -- slower
  remove_100_scattered 1.11x  -- slower

octane-jsx / inferno ratio (score; <1 means octane-jsx faster):
  mount_1k             1.06x  -- slower
  update_nodeps        2.39x  -- slower
  update_deps          1.30x  -- slower
  clear                1.76x  -- slower
  remount              1.29x  -- slower
  remove_100_scattered 1.87x  -- slower

octane-tsrx / inferno ratio (score; <1 means octane-tsrx faster):
  mount_1k             1.13x  -- slower
  update_nodeps        1.23x  -- slower
  update_deps          1.18x  -- slower
  clear                1.53x  -- slower
  remount              1.25x  -- slower
  remove_100_scattered 1.34x  -- slower


=== memo-wall (react-uncompiled, svelte, preact, vue-vapor, solid, ripple, react, octane-jsx, octane-tsrx) ===
Building react-memowall-bench
Building svelte-memowall-bench
Building preact-memowall-bench
Building vue-vapor-memowall-bench
Building solid-memowall-bench
Building ripple-memowall-bench
Building react-compiler-memowall-bench
Building octane-jsx-memowall-bench
Building octane-tsrx-memowall-bench
Running react-uncompiled (http://localhost:5208/) × 20 (+5 warmup)…
  → mount
  → parent_rerender_equal_A
    calibrated 10 reps/sample
  → parent_rerender_equal_B
    calibrated 10 reps/sample
  → one_change_A
    calibrated 10 reps/sample
  → one_change_B
    calibrated 10 reps/sample
  → ctx_through_wall_A
    calibrated 5 reps/sample
  → ctx_through_wall_B
    calibrated 5 reps/sample
Running svelte (http://localhost:5278/) × 20 (+5 warmup)…
  → mount
  → parent_rerender_equal_A
    calibrated 536 reps/sample
  → parent_rerender_equal_B
    calibrated 249 reps/sample
  → one_change_A
    calibrated 56 reps/sample
  → one_change_B
    calibrated 52 reps/sample
  → ctx_through_wall_A
    calibrated 5 reps/sample
  → ctx_through_wall_B
    calibrated 5 reps/sample
Running preact (http://localhost:5267/) × 20 (+5 warmup)…
  → mount
  → parent_rerender_equal_A
    calibrated 10 reps/sample
  → parent_rerender_equal_B
    calibrated 10 reps/sample
  → one_change_A
    calibrated 10 reps/sample
  → one_change_B
    calibrated 10 reps/sample
  → ctx_through_wall_A
    calibrated 5 reps/sample
  → ctx_through_wall_B
    calibrated 5 reps/sample
Running vue-vapor (http://localhost:5223/) × 20 (+5 warmup)…
  → mount
  → parent_rerender_equal_A
    calibrated 5128 reps/sample
  → parent_rerender_equal_B
    calibrated 4813 reps/sample
  → one_change_A
    calibrated 70 reps/sample
  → one_change_B
    calibrated 58 reps/sample
  → ctx_through_wall_A
    calibrated 5 reps/sample
  → ctx_through_wall_B
    calibrated 10 reps/sample
Running solid (http://localhost:5182/) × 20 (+5 warmup)…
  → mount
  → parent_rerender_equal_A
    calibrated 6112 reps/sample
  → parent_rerender_equal_B
    calibrated 5580 reps/sample
  → one_change_A
    calibrated 58 reps/sample
  → one_change_B
    calibrated 58 reps/sample
  → ctx_through_wall_A
    calibrated 10 reps/sample
  → ctx_through_wall_B
    calibrated 5 reps/sample
Running ripple (http://localhost:5225/) × 20 (+5 warmup)…
  → mount
  → parent_rerender_equal_A
    calibrated 54 reps/sample
  → parent_rerender_equal_B
    calibrated 35 reps/sample
  → one_change_A
    calibrated 44 reps/sample
  → one_change_B
    calibrated 42 reps/sample
  → ctx_through_wall_A
    calibrated 10 reps/sample
  → ctx_through_wall_B
    calibrated 10 reps/sample
Running react (http://localhost:5226/) × 20 (+5 warmup)…
  → mount
  → parent_rerender_equal_A
    calibrated 1608 reps/sample
  → parent_rerender_equal_B
    calibrated 640 reps/sample
  → one_change_A
    calibrated 20 reps/sample
  → one_change_B
    calibrated 10 reps/sample
  → ctx_through_wall_A
    calibrated 5 reps/sample
  → ctx_through_wall_B
    calibrated 5 reps/sample
Running octane-jsx (http://localhost:5207/) × 20 (+5 warmup)…
  → mount
  → parent_rerender_equal_A
    calibrated 1608 reps/sample
  → parent_rerender_equal_B
    calibrated 534 reps/sample
  → one_change_A
    calibrated 56 reps/sample
  → one_change_B
    calibrated 10 reps/sample
  → ctx_through_wall_A
    calibrated 5 reps/sample
  → ctx_through_wall_B
    calibrated 5 reps/sample
Running octane-tsrx (http://localhost:5206/) × 20 (+5 warmup)…
  → mount
  → parent_rerender_equal_A
    calibrated 3668 reps/sample
  → parent_rerender_equal_B
    calibrated 3884 reps/sample
  → one_change_A
    calibrated 332 reps/sample
  → one_change_B
    calibrated 10 reps/sample
  → ctx_through_wall_A
    calibrated 5 reps/sample
  → ctx_through_wall_B
    calibrated 5 reps/sample

Op                       | react-uncompiled                | svelte                          | preact                          | vue-vapor                       | solid                           | ripple                          | react                           | octane-jsx                      | octane-tsrx                     
-------------------------+---------------------------------+---------------------------------+---------------------------------+---------------------------------+---------------------------------+---------------------------------+---------------------------------+---------------------------------+---------------------------------
mount                   | 61.400 (min 57.300, sd 5.295)   | 52.800 (min 49.900, sd 3.145)   | 76.400 (min 69.800, sd 11.711)  | 67.000 (min 63.300, sd 5.585)   | 56.100 (min 49.600, sd 6.261)   | 52.400 (min 50.500, sd 1.704)   | 50.900 (min 48.400, sd 3.514)   | 75.400 (min 74.100, sd 2.084)   | 55.700 (min 54.000, sd 2.891)   
parent_rerender_equal_A | 0.650 (min 0.630, sd 0.020)     | 0.025 (min 0.024, sd 0.001)     | 0.720 (min 0.680, sd 0.068)     | 0.001 (min 0.001, sd 0.000)     | 0.001 (min 0.001, sd 0.000)     | 0.170 (min 0.165, sd 0.005)     | 0.007 (min 0.006, sd 0.001)     | 0.007 (min 0.005, sd 0.001)     | 0.002 (min 0.002, sd 0.000)     
parent_rerender_equal_B | 0.840 (min 0.780, sd 0.089)     | 0.032 (min 0.028, sd 0.003)     | 0.980 (min 0.800, sd 0.112)     | 0.001 (min 0.001, sd 0.000)     | 0.001 (min 0.001, sd 0.000)     | 0.200 (min 0.186, sd 0.008)     | 0.008 (min 0.007, sd 0.001)     | 0.009 (min 0.006, sd 0.001)     | 0.003 (min 0.002, sd 0.000)     
one_change_A            | 0.820 (min 0.700, sd 0.255)     | 0.195 (min 0.175, sd 0.012)     | 0.820 (min 0.760, sd 0.033)     | 0.064 (min 0.060, sd 0.004)     | 0.110 (min 0.107, sd 0.003)     | 0.289 (min 0.261, sd 0.035)     | 0.605 (min 0.535, sd 0.036)     | 0.161 (min 0.141, sd 0.009)     | 0.024 (min 0.022, sd 0.001)     
one_change_B            | 0.930 (min 0.830, sd 0.113)     | 0.217 (min 0.190, sd 0.010)     | 0.980 (min 0.880, sd 0.092)     | 0.076 (min 0.067, sd 0.010)     | 0.119 (min 0.109, sd 0.009)     | 0.281 (min 0.240, sd 0.037)     | 1.120 (min 0.910, sd 0.418)     | 1.180 (min 1.060, sd 0.090)     | 1.010 (min 0.950, sd 0.104)     
ctx_through_wall_A      | 4.360 (min 4.080, sd 0.228)     | 1.940 (min 1.720, sd 0.165)     | 5.320 (min 4.820, sd 0.717)     | 1.380 (min 1.100, sd 0.393)     | 1.380 (min 1.220, sd 0.244)     | 1.220 (min 1.050, sd 0.137)     | 3.360 (min 3.000, sd 0.539)     | 3.760 (min 2.920, sd 0.326)     | 2.180 (min 1.840, sd 0.167)     
ctx_through_wall_B      | 4.180 (min 3.900, sd 0.222)     | 2.000 (min 1.840, sd 0.136)     | 5.260 (min 5.000, sd 0.346)     | 1.390 (min 1.130, sd 0.401)     | 1.900 (min 1.340, sd 0.393)     | 1.320 (min 1.100, sd 0.128)     | 3.480 (min 3.040, sd 0.346)     | 3.240 (min 2.960, sd 0.151)     | 2.600 (min 2.080, sd 0.371)     

svelte / react-uncompiled ratio (score; <1 means svelte faster):
  mount                    0.84x  ++ faster
  parent_rerender_equal_A  0.04x  ++ faster
  parent_rerender_equal_B  0.04x  ++ faster
  one_change_A             0.24x  ++ faster
  one_change_B             0.22x  ++ faster
  ctx_through_wall_A       0.47x  ++ faster
  ctx_through_wall_B       0.48x  ++ faster

preact / react-uncompiled ratio (score; <1 means preact faster):
  mount                    1.26x  -- slower
  parent_rerender_equal_A  1.11x  -- slower
  parent_rerender_equal_B  0.99x  == ~equal
  one_change_A             1.02x  == ~equal
  one_change_B             1.02x  == ~equal
  ctx_through_wall_A       1.23x  -- slower
  ctx_through_wall_B       1.29x  -- slower

vue-vapor / react-uncompiled ratio (score; <1 means vue-vapor faster):
  mount                    1.06x  -- slower
  parent_rerender_equal_A  0.00x  ++ faster
  parent_rerender_equal_B  0.00x  ++ faster
  one_change_A             0.08x  ++ faster
  one_change_B             0.08x  ++ faster
  ctx_through_wall_A       0.33x  ++ faster
  ctx_through_wall_B       0.36x  ++ faster

solid / react-uncompiled ratio (score; <1 means solid faster):
  mount                    0.89x  ++ faster
  parent_rerender_equal_A  0.00x  ++ faster
  parent_rerender_equal_B  0.00x  ++ faster
  one_change_A             0.14x  ++ faster
  one_change_B             0.12x  ++ faster
  ctx_through_wall_A       0.29x  ++ faster
  ctx_through_wall_B       0.44x  ++ faster

ripple / react-uncompiled ratio (score; <1 means ripple faster):
  mount                    0.82x  ++ faster
  parent_rerender_equal_A  0.26x  ++ faster
  parent_rerender_equal_B  0.23x  ++ faster
  one_change_A             0.35x  ++ faster
  one_change_B             0.29x  ++ faster
  ctx_through_wall_A       0.28x  ++ faster
  ctx_through_wall_B       0.32x  ++ faster

react / react-uncompiled ratio (score; <1 means react faster):
  mount                    0.81x  ++ faster
  parent_rerender_equal_A  0.01x  ++ faster
  parent_rerender_equal_B  0.01x  ++ faster
  one_change_A             0.75x  ++ faster
  one_change_B             1.28x  -- slower
  ctx_through_wall_A       0.79x  ++ faster
  ctx_through_wall_B       0.83x  ++ faster

octane-jsx / react-uncompiled ratio (score; <1 means octane-jsx faster):
  mount                    1.20x  -- slower
  parent_rerender_equal_A  0.01x  ++ faster
  parent_rerender_equal_B  0.01x  ++ faster
  one_change_A             0.20x  ++ faster
  one_change_B             1.21x  -- slower
  ctx_through_wall_A       0.85x  ++ faster
  ctx_through_wall_B       0.77x  ++ faster

octane-tsrx / react-uncompiled ratio (score; <1 means octane-tsrx faster):
  mount                    0.91x  ++ faster
  parent_rerender_equal_A  0.00x  ++ faster
  parent_rerender_equal_B  0.00x  ++ faster
  one_change_A             0.03x  ++ faster
  one_change_B             1.09x  -- slower
  ctx_through_wall_A       0.51x  ++ faster
  ctx_through_wall_B       0.62x  ++ faster

BENCH_JSON written to /Users/leonid/Documents/code/ripple/benchmarks/results/baseline-2/_part-memo-wall-all.json

=== portal-swarm (inferno, svelte, preact, vue-vapor, solid, ripple, react, octane-tsrx) ===
Building inferno-portal-swarm-bench
Building svelte-portal-swarm-bench
Building preact-portal-swarm-bench
Building vue-vapor-portal-swarm-bench
Building solid-portal-swarm-bench
Building ripple-portal-swarm-bench
Building react-portal-swarm-bench
Building octane-tsrx-portal-swarm-bench
Running inferno (http://localhost:5332/) × 20 (+5 warmup)…
  → verify (correctness gates)
  → mount_closed
  → open_all
  → rerender_open_A
  → rerender_open_B
  → rerender_open_B_stable
  → open_close_cycle (shared body target)
  → open_close_distinct (200 container targets)
  → dispatch_through_portal
  → DOM census (closed/open, main/body)
Running svelte (http://localhost:5279/) × 20 (+5 warmup)…
  → verify (correctness gates)
  → mount_closed
  → open_all
  → rerender_open_A
  → rerender_open_B
  → rerender_open_B_stable
  → open_close_cycle (shared body target)
  → open_close_distinct (200 container targets)
  → dispatch_through_portal
  → DOM census (closed/open, main/body)
Running preact (http://localhost:5268/) × 20 (+5 warmup)…
  → verify (correctness gates)
  → mount_closed
  → open_all
  → rerender_open_A
  → rerender_open_B
  → rerender_open_B_stable
  → open_close_cycle (shared body target)
  → open_close_distinct (200 container targets)
  → dispatch_through_portal
  → DOM census (closed/open, main/body)
Running vue-vapor (http://localhost:5181/) × 20 (+5 warmup)…
  → verify (correctness gates)
  → mount_closed
  → open_all
  → rerender_open_A
  → rerender_open_B
  → rerender_open_B_stable
  → open_close_cycle (shared body target)
  → open_close_distinct (200 container targets)
  → dispatch_through_portal
  → DOM census (closed/open, main/body)
Running solid (http://localhost:5212/) × 20 (+5 warmup)…
  → verify (correctness gates)
  → mount_closed
  → open_all
  → rerender_open_A
  → rerender_open_B
  → rerender_open_B_stable
  → open_close_cycle (shared body target)
  → open_close_distinct (200 container targets)
  → dispatch_through_portal
  → DOM census (closed/open, main/body)
Running ripple (http://localhost:5224/) × 20 (+5 warmup)…
  → verify (correctness gates)
  → mount_closed
  → open_all
  → rerender_open_A
  → rerender_open_B
  → rerender_open_B_stable
  → open_close_cycle (shared body target)
  → open_close_distinct (200 container targets)
  → dispatch_through_portal
  → DOM census (closed/open, main/body)
Running react (http://localhost:5211/) × 20 (+5 warmup)…
  → verify (correctness gates)
  → mount_closed
  → open_all
  → rerender_open_A
  → rerender_open_B
  → rerender_open_B_stable
  → open_close_cycle (shared body target)
  → open_close_distinct (200 container targets)
  → dispatch_through_portal
  → DOM census (closed/open, main/body)
Running octane-tsrx (http://localhost:5210/) × 20 (+5 warmup)…
  → verify (correctness gates)
  → mount_closed
  → open_all
  → rerender_open_A
  → rerender_open_B
  → rerender_open_B_stable
  → open_close_cycle (shared body target)
  → open_close_distinct (200 container targets)
  → dispatch_through_portal
  → DOM census (closed/open, main/body)

Op                      | inferno                         | svelte                          | preact                          | vue-vapor                       | solid                           | ripple                          | react                           | octane-tsrx                     
------------------------+---------------------------------+---------------------------------+---------------------------------+---------------------------------+---------------------------------+---------------------------------+---------------------------------+---------------------------------
mount_closed           | 5.40 (min 5.20, sd 0.21)        | 15.30 (min 14.50, sd 0.54)      | 10.50 (min 10.20, sd 0.43)      | 14.80 (min 14.20, sd 0.50)      | 17.20 (min 16.40, sd 1.22)      | 8.30 (min 7.90, sd 0.71)        | 13.90 (min 12.70, sd 1.62)      | 15.60 (min 15.00, sd 0.65)      
open_all               | 3.10 (min 3.00, sd 0.27)        | 11.60 (min 9.30, sd 1.23)       | 12.10 (min 11.40, sd 1.15)      | 10.00 (min 8.90, sd 0.75)       | 5.00 (min 4.30, sd 0.48)        | 10.40 (min 9.60, sd 0.75)       | 5.80 (min 4.80, sd 0.76)        | 7.20 (min 6.50, sd 0.41)        
rerender_open_A        | 0.23 (min 0.21, sd 0.019)       | 0.040 (min 0.020, sd 0.009)     | 1.64 (min 1.53, sd 0.20)        | 0.010 (min 0.000, sd 0.006)     | 0.020 (min 0.010, sd 0.005)     | 0.060 (min 0.050, sd 0.007)     | 0.040 (min 0.020, sd 0.009)     | 0.010 (min 0.000, sd 0.006)     
rerender_open_B        | 0.27 (min 0.25, sd 0.020)       | 0.030 (min 0.020, sd 0.007)     | 1.85 (min 1.46, sd 0.19)        | 0.010 (min 0.000, sd 0.006)     | 0.010 (min 0.000, sd 0.007)     | 0.070 (min 0.050, sd 0.009)     | 0.040 (min 0.020, sd 0.007)     | 0.010 (min 0.010, sd 0.005)     
rerender_open_B_stable | 0.22 (min 0.17, sd 0.025)       | 0.030 (min 0.020, sd 0.006)     | 0.55 (min 0.54, sd 0.051)       | 0.010 (min 0.000, sd 0.006)     | 0.020 (min 0.010, sd 0.006)     | 0.060 (min 0.060, sd 0.008)     | 0.030 (min 0.020, sd 0.007)     | 0.010 (min 0.000, sd 0.007)     
open_close_cycle       | 4.30 (min 3.92, sd 0.36)        | 10.78 (min 9.64, sd 0.81)       | 13.20 (min 12.76, sd 0.49)      | 10.56 (min 9.34, sd 1.03)       | 6.56 (min 5.50, sd 0.63)        | 10.98 (min 8.92, sd 0.98)       | 6.50 (min 6.18, sd 0.17)        | 10.54 (min 8.58, sd 1.01)       
open_close_distinct    | 4.26 (min 4.06, sd 0.28)        | 10.48 (min 10.02, sd 0.34)      | 13.44 (min 12.88, sd 0.81)      | 10.68 (min 9.92, sd 0.62)       | 6.28 (min 5.54, sd 0.45)        | 10.42 (min 9.94, sd 0.45)       | 7.18 (min 6.58, sd 0.32)        | 9.98 (min 9.30, sd 0.34)        
dispatch_through_portal| 0.005 (min 0.004, sd 0.000)     | 0.004 (min 0.003, sd 0.000)     | 0.003 (min 0.003, sd 0.000)     | 0.006 (min 0.004, sd 0.001)     | 0.003 (min 0.002, sd 0.000)     | 0.005 (min 0.004, sd 0.001)     | 0.013 (min 0.012, sd 0.001)     | 0.011 (min 0.011, sd 0.000)     

svelte / inferno ratio (score; <1 means svelte faster):
  mount_closed            2.79x  -- slower
  open_all                3.18x  -- slower
  rerender_open_A         0.15x  ++ faster
  rerender_open_B         0.11x  ++ faster
  rerender_open_B_stable  0.16x  ++ faster
  open_close_cycle        2.45x  -- slower
  open_close_distinct     2.47x  -- slower
  dispatch_through_portal 0.88x  ++ faster

preact / inferno ratio (score; <1 means preact faster):
  mount_closed            2.00x  -- slower
  open_all                3.85x  -- slower
  rerender_open_A         7.13x  -- slower
  rerender_open_B         6.83x  -- slower
  rerender_open_B_stable  2.88x  -- slower
  open_close_cycle        3.03x  -- slower
  open_close_distinct     3.16x  -- slower
  dispatch_through_portal 0.62x  ++ faster

vue-vapor / inferno ratio (score; <1 means vue-vapor faster):
  mount_closed            2.68x  -- slower
  open_all                3.02x  -- slower
  rerender_open_A         0.02x  ++ faster
  rerender_open_B         0.03x  ++ faster
  rerender_open_B_stable  0.04x  ++ faster
  open_close_cycle        2.40x  -- slower
  open_close_distinct     2.60x  -- slower
  dispatch_through_portal 1.22x  -- slower

solid / inferno ratio (score; <1 means solid faster):
  mount_closed            3.37x  -- slower
  open_all                1.53x  -- slower
  rerender_open_A         0.07x  ++ faster
  rerender_open_B         0.04x  ++ faster
  rerender_open_B_stable  0.07x  ++ faster
  open_close_cycle        1.41x  -- slower
  open_close_distinct     1.46x  -- slower
  dispatch_through_portal 0.49x  ++ faster

ripple / inferno ratio (score; <1 means ripple faster):
  mount_closed            1.65x  -- slower
  open_all                3.21x  -- slower
  rerender_open_A         0.28x  ++ faster
  rerender_open_B         0.26x  ++ faster
  rerender_open_B_stable  0.32x  ++ faster
  open_close_cycle        2.23x  -- slower
  open_close_distinct     2.45x  -- slower
  dispatch_through_portal 0.95x  ++ faster

react / inferno ratio (score; <1 means react faster):
  mount_closed            2.59x  -- slower
  open_all                1.67x  -- slower
  rerender_open_A         0.15x  ++ faster
  rerender_open_B         0.12x  ++ faster
  rerender_open_B_stable  0.14x  ++ faster
  open_close_cycle        1.49x  -- slower
  open_close_distinct     1.70x  -- slower
  dispatch_through_portal 2.60x  -- slower

octane-tsrx / inferno ratio (score; <1 means octane-tsrx faster):
  mount_closed            2.93x  -- slower
  open_all                2.18x  -- slower
  rerender_open_A         0.05x  ++ faster
  rerender_open_B         0.05x  ++ faster
  rerender_open_B_stable  0.06x  ++ faster
  open_close_cycle        2.09x  -- slower
  open_close_distinct     2.29x  -- slower
  dispatch_through_portal 2.38x  -- slower

distinct-target ratio (open_close_distinct / open_close_cycle, ~1.0 = free):
  inferno                 0.97x
  svelte                  0.98x
  preact                  1.01x
  vue-vapor               1.05x
  solid                   1.01x
  ripple                  1.07x
  react                   1.10x
  octane-tsrx             1.06x

stable-bail ratio (rerender_open_B_stable / rerender_open_B, lower = bail path works):
  inferno                 0.77x
  svelte                  1.13x
  preact                  0.32x
  vue-vapor               1.00x
  solid                   1.22x
  ripple                  0.96x
  react                   0.92x
  octane-tsrx             0.82x

=== async-waterfall (inferno, svelte, preact, solid, ripple, react, octane-tsrx) ===
Building inferno-async-bench
Building svelte-async-bench
Building preact-async-bench
Building solid-async-bench
Building ripple-async-bench
Building react-async-bench
Building octane-tsrx-async-bench
Running inferno (http://localhost:5333/) × 10…
Running svelte (http://localhost:5280/) × 10…
Running preact (http://localhost:5269/) × 10…
Running solid (http://localhost:5218/) × 10…
Running ripple (http://localhost:5219/) × 10…
Running react (http://localhost:5217/) × 10…
Running octane-tsrx (http://localhost:5216/) × 10…

10 levels × 16ms simulated latency — waterfall floor 160ms, parallel floor 16ms

Op     | inferno                   | svelte                    | preact                    | solid                     | ripple                    | react                     | octane-tsrx               | (score ms, ×DELAY)
-------+---------------------------+---------------------------+---------------------------+---------------------------+---------------------------+---------------------------+---------------------------
init  | 20.2 (1.3x)               | 21.3 (1.3x)               | 174.9 (10.9x)             | 23.8 (1.5x)               | 21.1 (1.3x)               | 308.7 (19.3x)             | 27.8 (1.7x)               
update| 17.8 (1.1x)               | 18.1 (1.1x)               | 169.0 (10.6x)             | 18.3 (1.1x)               | 16.8 (1.0x)               | 171.4 (10.7x)             | 21.9 (1.4x)               
BENCH_JSON written to /Users/leonid/Documents/code/ripple/benchmarks/results/baseline-2/_part-async-waterfall-all.json

=== streaming-ssr (inferno, preact, solid, ripple, react, octane-tsrx) ===
building streaming SSR bundles (production)…
  → inferno
  → preact
  → solid
  → ripple
  → react
  → octane-tsrx
running inferno/staggered (5 warmup + 30 timed renders)…
running inferno/all-fast (5 warmup + 30 timed renders)…
running preact/staggered (5 warmup + 30 timed renders)…
running preact/all-fast (5 warmup + 30 timed renders)…
running solid/staggered (5 warmup + 30 timed renders)…
running solid/all-fast (5 warmup + 30 timed renders)…
running ripple/staggered (5 warmup + 30 timed renders)…
running ripple/all-fast (5 warmup + 30 timed renders)…
running ripple/cpu-10 (5 warmup + 30 timed renders)…
running ripple/cpu-100 (5 warmup + 30 timed renders)…
running ripple/cpu-800 (5 warmup + 30 timed renders)…
running ripple/cpu-waves-50 (5 warmup + 30 timed renders)…
running react/staggered (5 warmup + 30 timed renders)…
running react/all-fast (5 warmup + 30 timed renders)…
running octane-tsrx/staggered (5 warmup + 30 timed renders)…
running octane-tsrx/all-fast (5 warmup + 30 timed renders)…
running octane-tsrx/cpu-10 (5 warmup + 30 timed renders)…
running octane-tsrx/cpu-100 (5 warmup + 30 timed renders)…
running octane-tsrx/cpu-800 (5 warmup + 30 timed renders)…
running octane-tsrx/cpu-waves-50 (5 warmup + 30 timed renders)…

streaming-ssr — shell TTFB + stream-end totals (30 renders/scenario, production builds)

[staggered]
target       | shell score |  (min)   | total score |  (min)   | chunks | bytes KB | renders/s
-------------+-------------+----------+-------------+----------+--------+----------+----------
inferno      |    0.18 |    0.15 |   52.77 |   51.71 |    106 |     8.6 |   18.95
preact       |    0.37 |    0.34 |   50.31 |   49.63 |     14 |    11.1 |   19.88
solid        |    0.65 |    0.59 |   50.73 |   50.00 |     11 |    18.0 |   19.71
ripple       |    0.24 |    0.22 |   50.55 |   49.52 |     11 |    20.7 |   19.78
react        |    0.26 |    0.23 |   50.79 |   49.89 |     12 |    11.5 |   19.69
octane-tsrx  |    0.29 |    0.22 |   51.06 |   50.21 |     11 |    20.4 |   19.58

[all-fast]
target       | shell score |  (min)   | total score |  (min)   | chunks | bytes KB | renders/s
-------------+-------------+----------+-------------+----------+--------+----------+----------
inferno      |    0.12 |    0.09 |    5.09 |    3.95 |    106 |     8.6 |  196.55
preact       |    0.22 |    0.18 |    1.45 |    0.59 |     14 |    11.1 |  688.01
solid        |    0.45 |    0.34 |    1.31 |    0.87 |      2 |    18.0 |  765.56
ripple       |    0.15 |    0.12 |    1.55 |    0.58 |     11 |    20.7 |  645.02
react        |    0.18 |    0.15 |    1.44 |    0.60 |      7 |    11.5 |  692.83
octane-tsrx  |    0.19 |    0.17 |    1.44 |    0.56 |      2 |    20.4 |  693.13

[cpu-10]
target       | shell score |  (min)   | total score |  (min)   | chunks | bytes KB | renders/s
-------------+-------------+----------+-------------+----------+--------+----------+----------
ripple       |    0.11 |    0.11 |    0.49 |    0.48 |     11 |    20.7 | 2028.11
octane-tsrx  |    0.18 |    0.17 |    0.59 |    0.54 |      2 |    20.4 | 1685.04

[cpu-100]
target       | shell score |  (min)   | total score |  (min)   | chunks | bytes KB | renders/s
-------------+-------------+----------+-------------+----------+--------+----------+----------
ripple       |    0.53 |    0.50 |    3.93 |    3.69 |    101 |   178.2 |  254.37
octane-tsrx  |    1.16 |    1.01 |    4.47 |    4.04 |      2 |   176.9 |  223.53

[cpu-800]
target       | shell score |  (min)   | total score |  (min)   | chunks | bytes KB | renders/s
-------------+-------------+----------+-------------+----------+--------+----------+----------
ripple       |    3.74 |    3.51 |   34.94 |   32.77 |    801 |  1409.3 |   28.62
octane-tsrx  |    8.15 |    7.53 |   32.75 |   31.10 |      2 |  1399.9 |   30.53

[cpu-waves-50]
target       | shell score |  (min)   | total score |  (min)   | chunks | bytes KB | renders/s
-------------+-------------+----------+-------------+----------+--------+----------+----------
ripple       |    0.24 |    0.23 |    1.87 |    1.80 |     51 |    90.7 |  535.19
octane-tsrx  |    0.54 |    0.50 |    7.87 |    7.29 |     11 |    89.9 |  127.07

ratios vs octane-tsrx (score; >1 means slower than octane):
  inferno  staggered  shell 0.64x  total 1.03x
  inferno  all-fast   shell 0.63x  total 3.53x
  preact   staggered  shell 1.29x  total 0.99x
  preact   all-fast   shell 1.18x  total 1.01x
  solid    staggered  shell 2.26x  total 0.99x
  solid    all-fast   shell 2.44x  total 0.91x
  ripple   staggered  shell 0.83x  total 0.99x
  ripple   all-fast   shell 0.79x  total 1.07x
  react    staggered  shell 0.91x  total 0.99x
  react    all-fast   shell 0.96x  total 1.00x

BENCH_JSON written → /Users/leonid/Documents/code/ripple/benchmarks/results/baseline-2/_part-streaming-ssr-all.json

=== ssr-throughput (inferno, svelte, preact, vue-vapor, solid, ripple, react, octane-tsrx) ===
building SSR bundles (production)…
  → news-50/inferno
  → news-50/svelte
8:32:34 PM [vite-plugin-svelte] no Svelte config found at /Users/leonid/Documents/code/ripple/benchmarks/news/svelte - using default configuration.
  → news-50/preact
  → news-50/vue-vapor
  → news-50/solid
  → news-50/ripple
  → news-50/react
  → news-50/octane-tsrx
  → news-500/inferno
  → news-500/svelte
8:32:36 PM [vite-plugin-svelte] no Svelte config found at /Users/leonid/Documents/code/ripple/benchmarks/news/svelte - using default configuration.
  → news-500/preact
  → news-500/vue-vapor
  → news-500/solid
  → news-500/ripple
  → news-500/react
  → news-500/octane-tsrx
running news-50/inferno (10s timed + ≤5000 memory renders)…
running news-50/svelte (10s timed + ≤5000 memory renders)…
running news-50/preact (10s timed + ≤5000 memory renders)…
running news-50/vue-vapor (10s timed + ≤5000 memory renders)…
running news-50/solid (10s timed + ≤5000 memory renders)…
running news-50/ripple (10s timed + ≤5000 memory renders)…
running news-50/react (10s timed + ≤5000 memory renders)…
running news-50/octane-tsrx (10s timed + ≤5000 memory renders)…
running news-500/inferno (10s timed + ≤5000 memory renders)…
running news-500/svelte (10s timed + ≤5000 memory renders)…
running news-500/preact (10s timed + ≤5000 memory renders)…
running news-500/vue-vapor (10s timed + ≤5000 memory renders)…
running news-500/solid (10s timed + ≤5000 memory renders)…
running news-500/ripple (10s timed + ≤5000 memory renders)…
running news-500/react (10s timed + ≤5000 memory renders)…
running news-500/octane-tsrx (10s timed + ≤5000 memory renders)…

ssr-throughput — Node SSR ops/sec + latency (10s/config, production builds)

config                     |   ops/sec |  score ms |    p95 ms |    p99 ms |    min ms | samples
---------------------------+-----------+-----------+-----------+-----------+-----------+--------
news-50/inferno            |  6474.78 |    0.154 |    0.182 |    0.283 |    0.139 |  64775
news-50/svelte             |  8917.31 |    0.112 |    0.108 |    0.154 |    0.069 |  89561
news-50/preact             |  4552.79 |    0.220 |    0.263 |    0.387 |    0.196 |  44979
news-50/vue-vapor          | 12060.48 |    0.083 |    0.090 |    0.127 |    0.071 | 118917
news-50/solid              |  9488.18 |    0.105 |    0.125 |    0.212 |    0.090 |  96022
news-50/ripple             |  6933.81 |    0.144 |    0.157 |    0.214 |    0.131 |  69097
news-50/react              |  4935.18 |    0.203 |    0.230 |    0.339 |    0.183 |  49618
news-50/octane-tsrx        | 12323.73 |    0.081 |    0.087 |    0.120 |    0.074 | 122673
news-500/inferno           |   472.42 |    2.117 |    2.305 |    5.697 |    1.765 |   4898
news-500/svelte            |   783.77 |    1.276 |    1.358 |    1.930 |    1.042 |   7832
news-500/preact            |   365.00 |    2.740 |    3.391 |    6.669 |    2.362 |   3443
news-500/vue-vapor         |   791.38 |    1.264 |    1.401 |    6.944 |    1.010 |   8098
news-500/solid             |   703.42 |    1.422 |    1.848 |    6.923 |    1.097 |   6719
news-500/ripple            |   398.21 |    2.511 |    2.920 |    7.969 |    2.075 |   4055
news-500/react             |   346.92 |    2.883 |    3.577 |    7.780 |    2.472 |   3436
news-500/octane-tsrx       |   668.58 |    1.496 |    2.002 |    7.204 |    1.123 |   6672

config                     |  body KB | markers | mem renders |  rss Δ KB | heap Δ KB
---------------------------+----------+---------+-------------+-----------+----------
news-50/inferno            |      41 |       0 |        5000 |      -380 |    34567
news-50/svelte             |      42 |       2 |        5000 |     -4704 |    24080
news-50/preact             |      41 |       0 |        5000 |     -3024 |   -30335
news-50/vue-vapor          |      41 |       1 |        5000 |      -184 |    14444
news-50/solid              |      42 |       0 |        5000 |     -2108 |    35240
news-50/ripple             |      46 |     302 |        5000 |        92 |    19490
news-50/react              |      41 |       0 |        5000 |     -2092 |    14595
news-50/octane-tsrx        |      41 |       2 |        5000 |     -1536 |   -15964
news-500/inferno           |     409 |       0 |        5000 |    132028 |   192696
news-500/svelte            |     411 |       2 |        5000 |  -1075872 | -1091821
news-500/preact            |     409 |       0 |        5000 |     84076 | -1455624
news-500/vue-vapor         |     409 |       1 |        5000 |    -30196 |   -30165
news-500/solid             |     414 |       0 |        5000 |     20628 |    48385
news-500/ripple            |     456 |    3002 |        5000 |     55680 |    47882
news-500/react             |     409 |       0 |        5000 |    124780 |   102300
news-500/octane-tsrx       |     409 |       2 |        5000 |    -30460 |   -50044

news-50 ratios vs news-50/octane-tsrx (score; >1 means slower than octane):
  svelte       1.38x octane's render time
  preact       2.71x octane's render time
  vue-vapor    1.02x octane's render time
  solid        1.30x octane's render time
  ripple       1.78x octane's render time
  react        2.50x octane's render time
  octane-tsrx  1.00x octane's render time

news-500 ratios vs news-500/octane-tsrx (score; >1 means slower than octane):
  svelte       0.85x octane's render time
  preact       1.83x octane's render time
  vue-vapor    0.84x octane's render time
  solid        0.95x octane's render time
  ripple       1.68x octane's render time
  react        1.93x octane's render time
  octane-tsrx  1.00x octane's render time

BENCH_JSON written → /Users/leonid/Documents/code/ripple/benchmarks/results/baseline-2/_part-ssr-throughput-all.json

=== bundle-size (inferno, svelte, preact, vue-vapor, solid, ripple, react, octane-jsx, octane-tsrx) ===
building inferno (production, normalized minify)…
  inferno: total gz 10507  app gz 2049  fw gz 8458
building svelte (production, normalized minify)…
8:37:04 PM [vite-plugin-svelte] no Svelte config found at /Users/leonid/Documents/code/ripple/benchmarks/js-framework/svelte - using default configuration.
  svelte: total gz 18325  app gz 2300  fw gz 16025
8:37:04 PM [vite-plugin-svelte] no Svelte config found at /Users/leonid/Documents/code/ripple/benchmarks/js-framework/svelte - using default configuration.
building preact (production, normalized minify)…
  preact: total gz 9990  app gz 2005  fw gz 7985
building vue-vapor (production, normalized minify)…
  vue-vapor: total gz 24059  app gz 2088  fw gz 21971
building solid (production, normalized minify)…
  solid: total gz 15192  app gz 1992  fw gz 13200
building ripple (production, normalized minify)…
  ripple: total gz 13410  app gz 2312  fw gz 11098
building react (production, normalized minify)…
  react: total gz 63308  app gz 3214  fw gz 60094
building octane-jsx (production, normalized minify)…
  octane-jsx: total gz 56082  app gz 2959  fw gz 53123
building octane-tsrx (production, normalized minify)…
  octane-tsrx: total gz 29316  app gz 2411  fw gz 26905
building todomvc/inferno (production, normalized minify)…
  todomvc/inferno: total gz 9567  app gz 1104  fw gz 8463
building todomvc/svelte (production, normalized minify)…
8:37:25 PM [vite-plugin-svelte] no Svelte config found at /Users/leonid/Documents/code/ripple/benchmarks/todomvc/svelte - using default configuration.
  todomvc/svelte: total gz 18530  app gz 1511  fw gz 17019
8:37:25 PM [vite-plugin-svelte] no Svelte config found at /Users/leonid/Documents/code/ripple/benchmarks/todomvc/svelte - using default configuration.
building todomvc/preact (production, normalized minify)…
  todomvc/preact: total gz 6841  app gz 991  fw gz 5850
building todomvc/vue-vapor (production, normalized minify)…
  todomvc/vue-vapor: total gz 24408  app gz 1355  fw gz 23053
building todomvc/solid (production, normalized minify)…
  todomvc/solid: total gz 14646  app gz 1292  fw gz 13354
building todomvc/ripple (production, normalized minify)…
  todomvc/ripple: total gz 13706  app gz 1644  fw gz 12062
building todomvc/react (production, normalized minify)…
  todomvc/react: total gz 61662  app gz 1555  fw gz 60107
building todomvc/octane-tsrx (production, normalized minify)…
  todomvc/octane-tsrx: total gz 31521  app gz 2252  fw gz 29269
building chat-stream/inferno (production, normalized minify)…
  chat-stream/inferno: total gz 10388  app gz 1926  fw gz 8462
building chat-stream/svelte (production, normalized minify)…
8:37:34 PM [vite-plugin-svelte] no Svelte config found at /Users/leonid/Documents/code/ripple/benchmarks/chat-stream/svelte - using default configuration.
  chat-stream/svelte: total gz 19164  app gz 2279  fw gz 16885
8:37:34 PM [vite-plugin-svelte] no Svelte config found at /Users/leonid/Documents/code/ripple/benchmarks/chat-stream/svelte - using default configuration.
building chat-stream/preact (production, normalized minify)…
  chat-stream/preact: total gz 7607  app gz 1846  fw gz 5761
building chat-stream/vue-vapor (production, normalized minify)…
  chat-stream/vue-vapor: total gz 25988  app gz 2156  fw gz 23832
building chat-stream/solid (production, normalized minify)…
  chat-stream/solid: total gz 15537  app gz 2102  fw gz 13435
building chat-stream/ripple (production, normalized minify)…
  chat-stream/ripple: total gz 13761  app gz 2338  fw gz 11423
building chat-stream/react (production, normalized minify)…
  chat-stream/react: total gz 62475  app gz 2381  fw gz 60094
building chat-stream/octane-tsrx (production, normalized minify)…
  chat-stream/octane-tsrx: total gz 31338  app gz 2772  fw gz 28566

=== reconcile-anchors (ripple) ===
Building ripple-reconcile-anchors-bench
for-reconcile bench — N=1000 rows, 25 iter (+8 warmup), http://localhost:5190/
  direct → mount
  direct → reverse
  direct → shuffle
  wrapped → mount
  wrapped → reverse
  wrapped → shuffle
  single → mount
  single → reverse
  single → shuffle
  switch → mount
  switch → reverse
  switch → shuffle

Op       | direct                        | wrapped                       | single                        | switch                        
---------+-------------------------------+-------------------------------+-------------------------------+-------------------------------
mount   | 10.10 (min 9.90, sd 0.52)     | 17.30 (min 14.80, sd 2.71)    | 15.80 (min 14.10, sd 3.15)    | 17.20 (min 14.30, sd 2.01)    
reverse | 4.40 (min 4.20, sd 0.24)      | 6.30 (min 5.10, sd 0.83)      | 6.40 (min 5.20, sd 0.97)      | 5.90 (min 5.00, sd 0.75)      
shuffle | 5.30 (min 5.00, sd 0.36)      | 7.20 (min 6.30, sd 1.48)      | 8.90 (min 6.70, sd 1.44)      | 6.90 (min 6.00, sd 0.57)      

descent overhead vs wrapped (median ratio; >1 means slower):
  direct.mount       0.58x  == ~equal
  direct.reverse     0.70x  == ~equal
  direct.shuffle     0.74x  == ~equal
  single.mount       0.91x  == ~equal
  single.reverse     1.02x  == ~equal
  single.shuffle     1.24x  -- slower
  switch.mount       0.99x  == ~equal
  switch.reverse     0.94x  == ~equal
  switch.shuffle     0.96x  == ~equal
┌─────────┬────────────────────────┬────────┬───────┐
│ (index) │ suite                  │ status │ error │
├─────────┼────────────────────────┼────────┼───────┤
│ 0       │ 'js-framework'         │ 'PASS' │ ''    │
│ 1       │ 'js-framework-reorder' │ 'PASS' │ ''    │
│ 2       │ 'recursive-context'    │ 'PASS' │ ''    │
│ 3       │ 'signal-favoring'      │ 'PASS' │ ''    │
│ 4       │ 'news'                 │ 'PASS' │ ''    │
│ 5       │ 'todomvc'              │ 'PASS' │ ''    │
│ 6       │ 'chat-stream'          │ 'PASS' │ ''    │
│ 7       │ 'dbmon'                │ 'PASS' │ ''    │
│ 8       │ 'uibench'              │ 'PASS' │ ''    │
│ 9       │ 'effectful-list'       │ 'PASS' │ ''    │
│ 10      │ 'memo-wall'            │ 'PASS' │ ''    │
│ 11      │ 'portal-swarm'         │ 'PASS' │ ''    │
│ 12      │ 'async-waterfall'      │ 'PASS' │ ''    │
│ 13      │ 'streaming-ssr'        │ 'PASS' │ ''    │
│ 14      │ 'ssr-throughput'       │ 'PASS' │ ''    │
│ 15      │ 'bundle-size'          │ 'PASS' │ ''    │
│ 16      │ 'reconcile-anchors'    │ 'PASS' │ ''    │
└─────────┴────────────────────────┴────────┴───────┘
